tbs,vbs,abs,dsi,delta,scenario
0.4447035257188816,0.42283148925903047,0.40949794349759366,0.4256776528251686,-0.02187203645985114,honest
0.1904143643875695,0.18062327357076918,0.26143252693144275,0.21082338829659383,0.07101816254387325,honest
0.6016992671741717,0.5329504588241474,0.6278829946107665,0.5875109068696952,0.026183727436594806,honest
0.737188023708165,0.7341366093610475,0.7342945636256808,0.7352063988982979,-0.002893460082484256,honest
0.345869437530854,0.3365882962318418,0.32251670838743435,0.33499148071671003,-0.009281141299012197,honest
0.5534317018431077,0.5686967806314254,0.5761185001072727,0.5660823275272686,0.022686798264164976,honest
0.49337358351293015,0.4348233655894647,0.46627943121498994,0.4648254601057949,-0.02709415229794021,honest
0.5285766963616337,0.5846861402797778,0.5409840674583631,0.5514156346999249,0.0561094439181441,honest
0.19692982811355697,0.19860447769567957,0.18288100919986974,0.1928051050030354,0.0016746495821226004,honest
0.3034582267393349,0.3621143179899122,0.3377062647126567,0.33442626981396795,0.0586560912505773,honest
0.19714827888695008,0.1510694399873449,0.23856262808370127,0.19559344898599873,0.04141434919675119,honest
0.3232762137154117,0.2881950928889546,0.3090307873977946,0.3068340313340536,-0.014245426317617105,honest
0.5058536690271764,0.5843266862510796,0.5648815058107353,0.5516872870296637,0.07847301722390321,honest
0.8910818882941162,0.8613891511324598,0.8937865767536629,0.8820858720600797,0.0027046884595467446,honest
0.14039228788345012,0.1253167305325894,0.15332703471786202,0.13967868437796718,0.012934746834411898,honest
0.3880767349289752,0.44381558266677856,0.3966171644209445,0.4095031606722328,0.055738847737803354,honest
0.3290172160657295,0.2888400302473809,0.3549673058253086,0.3242748507128064,0.02595008975957913,honest
0.2083292086038684,0.18686499187348243,0.12951208309723392,0.17490209452486158,-0.021464216730385954,honest
0.13596383654436534,0.12510342808364364,0.12731841050298065,0.12946189171032987,-0.008645426041384685,honest
0.6744207425221657,0.7028628502031838,0.6786031833012696,0.685295592008873,0.02844210768101818,honest
0.8028125533832307,0.7735725431857398,0.7468385757290772,0.7744078907660158,-0.029240010197490895,honest
0.33130418957520447,0.3717464752063362,0.36254160450805106,0.3551974230965305,0.040442285631131725,honest
0.8069916865772562,0.7717296186548914,0.8310946727833607,0.803271992671836,0.024102986206104515,honest
0.7147557586504676,0.7357247568889741,0.7080075985299571,0.7194960380231329,0.02096899823850651,honest
0.5109403653414503,0.4707281761800048,0.47897540620492574,0.4868813159087935,-0.03196495913652453,honest
0.13878438967576545,0.10657894665702008,0.12600041766585768,0.12378791799954773,-0.012783972009907774,honest
0.8009824020557619,0.8170914714444374,0.8516082929951793,0.8232273888317928,0.050625890939417384,honest
0.24073652337617732,0.2620136776846748,0.24916066111869845,0.25063695405985015,0.021277154308497498,honest
0.8745701598305002,0.8570984975251008,0.8809041808928303,0.870857612749477,0.006334021062330053,honest
0.7115946674078952,0.7821935613682894,0.7468718857108567,0.7468867048290138,0.0705988939603942,honest
0.7855612541235993,0.7277524716284364,0.7069573165840177,0.7400903474453511,-0.05780878249516297,honest
0.275058908896179,0.31414960662580266,0.3184211883591877,0.30254323462705646,0.04336227946300869,honest
0.10663643468270914,0.09730280473983047,0.07777248547202559,0.0939039082981884,-0.009333629942878674,honest
0.17965381100730904,0.2401832642581982,0.17821258706902177,0.19934988744484303,0.060529453250889154,honest
0.5353343932842107,0.5013954576326223,0.562210705666789,0.5329801855278741,0.02687631238257826,honest
0.8451360655362254,0.8696826865429276,0.850045666935366,0.854954806338173,0.02454662100670213,honest
0.28156109023742737,0.3388288288999638,0.32814029782486026,0.3161767389874171,0.05726773866253643,honest
0.11904764742365262,0.18200958959665686,0.11513919006668873,0.13873214236233275,0.06296194217300424,honest
0.21486117370073476,0.2644809430840386,0.19012142482412853,0.22315451386963395,0.04961976938330381,honest
0.6638703994575746,0.6114721923239429,0.6605300727858888,0.6452908881891354,-0.0033403266716858226,honest
0.40745708923476054,0.407579477251492,0.3978039745828784,0.404280180356377,0.00012238801673147837,honest
0.20576206560245047,0.15430982254070025,0.14088366708351208,0.16698518507555427,-0.051452243061750225,honest
0.14170940756263534,0.1503765494280394,0.08427889613659675,0.12545495104242385,0.008667141865404071,honest
0.48232402415921866,0.5241917256803699,0.477111089539924,0.49454227979317084,0.04186770152115121,honest
0.6414237251120265,0.6964231893556463,0.6165022848965721,0.651449733121415,0.05499946424361979,honest
0.33420043296426577,0.4153224426680631,0.41058701617830495,0.3867032972702113,0.08112200970379735,honest
0.3223517067755424,0.3380755221922461,0.31187338333207076,0.32410020409995316,0.0157238154167037,honest
0.4979056917748504,0.4830307394653951,0.5634420384801379,0.5147928232401279,0.06553634670528746,honest
0.8336445914579912,0.8042374248355344,0.8052554031919305,0.8143791398284853,-0.02838918826606074,honest
0.7204755690914492,0.7194731855227032,0.7087520976819539,0.7162336174320355,-0.0010023835687459348,honest
0.5720393134229351,0.5797881883328916,0.6534807357761382,0.601769412510655,0.08144142235320306,honest
0.536062952889335,0.5452904020142753,0.6014934246384775,0.5609489265140293,0.06543047174914252,honest
0.07013007221872482,0.10892264601363356,0.12323878684624429,0.1007638350262009,0.05310871462751947,honest
0.5939959385481364,0.642786929736834,0.5952939163517604,0.610692261545577,0.048790991188697674,honest
0.3849688990392166,0.3752830484321356,0.395242099576832,0.38516468234939477,0.010273200537615379,honest
0.6329211741738219,0.5854577906230839,0.6128618941462181,0.610413619647708,-0.02005928002760382,honest
0.2865608584832887,0.3594629496206249,0.30147166661205643,0.31583182490532336,0.0729020911373362,honest
0.8267511067414169,0.8431183744958556,0.8139009534522099,0.8279234782298275,0.01636726775443864,honest
0.5607748770829737,0.5310474064808917,0.5837683192272378,0.5585302009303678,0.02299344214426413,honest
0.27704948659583,0.33916511954340145,0.29232895789338953,0.30284785467754033,0.06211563294757144,honest
0.8977597251825902,0.8938533065043763,0.839382737507876,0.8769985897316142,-0.003906418678213841,honest
0.1551971494818665,0.10518370805482538,0.15903077512746092,0.1398038775547176,0.0038336256455944184,honest
0.9061969272181383,0.8503408708783609,0.8594057545315947,0.8719811842093647,-0.046791172686543536,honest
0.7626015377291133,0.7478586118820948,0.7865894634593206,0.7656832043568428,0.02398792573020725,honest
0.8685267989961221,0.8559299363375613,0.8086414687057016,0.8443660680131283,-0.012596862658560748,honest
0.6410111663697621,0.5560141828829882,0.5938387465957095,0.5969546986161532,-0.04717241977405262,honest
0.8259753193177848,0.8216000316418911,0.8221468659410752,0.8232407389669171,-0.003828453376709562,honest
0.3669521054022534,0.4185290365236555,0.4186042604437222,0.401361800789877,0.05165215504146875,honest
0.8349819101197301,0.7947920947501768,0.793809484332803,0.80786116306757,-0.04018981536955335,honest
0.7536325362511967,0.7588328308991905,0.7682154101170303,0.7602269257558057,0.014582873865833568,honest
0.7958037891392066,0.7995625687180474,0.7714024674381399,0.7889229417651312,0.003758779578840854,honest
0.5162183401766135,0.5591839146101852,0.566888576267697,0.5474302770181653,0.050670236091083454,honest
0.33831632775952863,0.2822830266965325,0.282967820577549,0.3011890583445367,-0.055348507181979645,honest
0.7440995126688529,0.7207864997929151,0.760304774533207,0.7417302623316583,0.016205261864354115,honest
0.6875769452285729,0.7282838900607886,0.6745295889782654,0.696796808089209,0.04070694483221571,honest
0.14448084009170098,0.14540888909589683,0.1550883670847068,0.1483260320907682,0.010607526993005822,honest
0.7284582749243826,0.6825031018082488,0.6631687142722538,0.6913766970016284,-0.04595517311613384,honest
0.7132321809411704,0.7300460978855265,0.6939945939491896,0.7124242909252955,0.01681391694435619,honest
0.16654543620015855,0.1538786067835866,0.13987801534173583,0.153434019441827,-0.012666829416571934,honest
0.39449178753850045,0.3928060597985245,0.40218664534787546,0.3964948308949668,0.007694857809375011,honest
0.5608409240349027,0.5554010694366696,0.5173747214594907,0.544538904977021,-0.005439854598233151,honest
0.8876819162001321,0.8693276297816953,0.8750642991539905,0.8773579483786059,-0.012617617046141616,honest
0.41045314889234774,0.4212773178073581,0.4614646609886689,0.4310650425627916,0.051011512096321154,honest
0.07312205495449632,0.06611505510597998,0.06558767113570171,0.06827492706539266,-0.00700699984851634,honest
0.8047342531468082,0.7817858501175383,0.744151883273906,0.7768906621794175,-0.022948403029269926,honest
0.4906398771715225,0.46061288708446746,0.48667786501726323,0.47931020975775107,-0.003962012154259287,honest
0.43038879732312046,0.4323131526046632,0.37333418849510325,0.41201204614096226,0.0019243552815427223,honest
0.4122760832726006,0.40000371755918573,0.4353390758200092,0.4158729588839319,0.023062992547408567,honest
0.593248348003299,0.5840117800351989,0.6411968331157876,0.6061523203847619,0.047948485112488615,honest
0.12978660656064378,0.1652320725757932,0.12875646622088535,0.1412583817857741,0.03544546601514942,honest
0.42486476280945285,0.4063612300143692,0.415097619896811,0.41544120424021097,-0.009767142912641857,honest
0.8417821108012976,0.8992909034036116,0.8937069112168265,0.8782599751405785,0.05750879260231401,honest
0.2135690379189537,0.21671070796917982,0.20845509039659213,0.21291161209490858,0.003141670050226114,honest
0.1938550459463784,0.13267323345076562,0.15745193163411886,0.16132673701042097,-0.03640311431225954,honest
0.7282274423491462,0.8073470970344572,0.7540857262529036,0.7632200885455024,0.07911965468531101,honest
0.21420557863374007,0.2074261467753134,0.2322790634500303,0.21797026295302793,0.01807348481629023,honest
0.7184049280815935,0.6662602923002393,0.6558007894210809,0.6801553366009712,-0.0521446357813542,honest
0.7311752752394132,0.7495423155127541,0.6917535690038293,0.7241570532519989,0.018367040273340907,honest
0.42525576470842624,0.38169482265952837,0.440690201194583,0.4158802628541792,0.015434436486156777,honest
0.7796296042119113,0.8118173082535591,0.8121844888828776,0.8012104671161161,0.032554884670966344,honest
0.22275438573670275,0.18302433231353182,0.21514484167952025,0.2069745199099183,-0.007609544057182505,honest
0.3955920036741095,0.34495984869790575,0.3071234459725193,0.3492250994481782,-0.05063215497620377,honest
0.7834342488140243,0.8062369448944524,0.8693117778404915,0.8196609905163227,0.08587752902646717,honest
0.8678295063623735,0.8736694387670249,0.8553302697478768,0.865609738292425,0.005839932404651305,honest
0.3174350718954433,0.35182046296615554,0.35980607030221967,0.3430205350546062,0.04237099840677638,honest
0.7622250492601342,0.6923838452855479,0.732705265450937,0.729104719998873,-0.029519783809197286,honest
0.150999896245689,0.14020005815065315,0.18481742628914544,0.15867246022849588,0.033817530043456445,honest
0.3424387116844236,0.3450311782469466,0.4068830732134102,0.3647843210482602,0.06444436152898664,honest
0.5546867182652879,0.5529851312645085,0.6146713637989208,0.5741144044429057,0.05998464553363292,honest
0.19039641102039045,0.17883462780700446,0.11634528315554482,0.16185877399431325,-0.011561783213385995,honest
0.21653412911827108,0.15529725084376556,0.15493438597484263,0.17558858864562643,-0.061236878274505524,honest
0.794964511544388,0.7988397601882892,0.7755774723318962,0.789793914688191,0.003875248643901208,honest
0.35935774009459953,0.4287223600174764,0.4068480933983132,0.39830939783679636,0.06936461992287685,honest
0.4800130459070546,0.40049735562819616,0.43864011782666695,0.4397168397873059,-0.04137292808038767,honest
0.10594898001334788,0.06471324338211898,0.07096470744074244,0.08054231027873643,-0.03498427257260543,honest
0.20894202763329028,0.21862548534822623,0.20235787393139987,0.20997512897097215,0.00968345771493595,honest
0.8572250967320039,0.8483092474078195,0.9065979515985796,0.8707107652461343,0.04937285486657572,honest
0.32519892475962325,0.23009211828454373,0.32586455348632604,0.293718532176831,0.0006656287267027827,honest
0.173642240930268,0.1372980404690909,0.18382440917239093,0.16492156352391663,0.010182168242122924,honest
0.1644226802284512,0.205967505350229,0.16134703620533397,0.17724574059467138,0.04154482512177782,honest
0.6230937794066718,0.5989730169849874,0.6162747185166164,0.6127805049694252,-0.006819060890055351,honest
0.6075672505875791,0.521996087572626,0.5455477684977033,0.5583703688859695,-0.062019482089875844,honest
0.8993555656503386,0.8558948625398183,0.8723424470414006,0.8758642917438525,-0.027013118608937958,honest
0.29071706235728234,0.3182747868789044,0.30724016918751146,0.3054106728078994,0.027557724521622085,honest
0.5246983531771962,0.6143643702473143,0.6155459639286579,0.5848695624510561,0.09084761075146175,honest
0.6621390078502082,0.6394821328444289,0.689908873186491,0.6638433379603761,0.027769865336282784,honest
0.6140466319775926,0.6888776564924877,0.6800386623354203,0.6609876502685003,0.0748310245148951,honest
0.8824118814723753,0.8711814502271182,0.8516642342626012,0.8684191886540317,-0.011230431245257022,honest
0.8827891756332515,0.8007046536938296,0.7988194841329359,0.827437771153339,-0.08208452193942195,honest
0.43222602658062304,0.4498983064339342,0.36621238261279254,0.4161122385424499,0.017672279853311157,honest
0.5633936579448103,0.6222960120631685,0.6095164645952791,0.5984020448677526,0.0589023541183582,honest
0.7675322797484073,0.7621449140026768,0.748003670961981,0.759226954904355,-0.00538736574573051,honest
0.18157263494624704,0.17639049823374947,0.19507216464935478,0.18434509927645046,0.013499529703107749,honest
0.902852640219387,0.9242082111771753,0.9417860426473671,0.9229489646813098,0.038933402427980046,honest
0.754452722716249,0.7747723260729386,0.7426338540570787,0.7572863009487554,0.020319603356689586,honest
0.8738582852520659,0.8361051023573242,0.8804108902475636,0.8634580926189845,0.006552604995497702,honest
0.5803188641696007,0.5558583515862795,0.6116599119255965,0.5826123758938256,0.03134104775599589,honest
0.5434779998965986,0.518262510834234,0.5514643107548887,0.5377349404952404,0.007986310858290047,honest
0.5476192681731271,0.579190831285423,0.5318737576408282,0.5528946190331262,0.03157156311229592,honest
0.1600904503918465,0.2327259083278745,0.21924313789585906,0.20401983220519335,0.07263545793602799,honest
0.63456023063027,0.6269009620380559,0.6147182810461671,0.625393157904831,-0.007659268592214108,honest
0.38946181573074096,0.3696944515552509,0.37421753924765055,0.37779126884454745,-0.015244276483090402,honest
0.8081525022973288,0.8247259045109798,0.8516922568691131,0.8281902212258072,0.04353975457178427,honest
0.42944289587980355,0.4534705967316907,0.4621862882227804,0.44836659361142495,0.03274339234297685,honest
0.26031754725937983,0.21687041405118418,0.1934832235731262,0.2235570616278967,-0.043447133208195654,honest
0.5153118625191568,0.46657041438989605,0.45018376601935994,0.4773553476428043,-0.04874144812926079,honest
0.5807352453311999,0.564307016264247,0.5696086556444455,0.5715503057466308,-0.011126589686754396,honest
0.1676269405174474,0.16631938843115898,0.21652414564653943,0.18349015819838196,0.04889720512909204,honest
0.23007079585170218,0.28518290850991707,0.24290023154560308,0.25271797863574075,0.05511211265821489,honest
0.6012781779369848,0.6032750926976889,0.5881330524434697,0.5975621076927143,0.0019969147607040716,honest
0.21300708436092752,0.20284909888540634,0.1940183038334372,0.20329149569325702,-0.010157985475521186,honest
0.19258657368375326,0.1671420687210599,0.18293568298528823,0.18088810846336711,-0.009650890698465031,honest
0.5217732995468221,0.4566650306679954,0.5326748565747897,0.5037043955965358,0.01090155702796769,honest
0.5604962147876135,0.639678174003404,0.6444075516459076,0.6148606468123083,0.0839113368582941,honest
0.12655013269861137,0.17948249586319714,0.17368833692225685,0.15990698849468846,0.05293236316458577,honest
0.2185517478187729,0.23466402576424006,0.246069114004204,0.23309496252907233,0.027517366185431102,honest
0.5814951811812141,0.5908572888375516,0.6193509110376125,0.5972344603521261,0.0378557298563984,honest
0.1045902567468804,0.15068152090093356,0.16886724608119824,0.1413796745763374,0.06427698933431784,honest
0.5125533022190645,0.4700591548265105,0.5040831903748784,0.4955652158068178,-0.008470111844186112,honest
0.5003408635274915,0.5030181362589567,0.5138222294744809,0.5057270764203098,0.013481365946989343,honest
0.09826487478049892,0.08720175892183556,0.09880669343997256,0.09475777571410234,0.0005418186594736418,honest
0.2348624335293905,0.20516895081080586,0.21371993736984995,0.21791710723668212,-0.021142496159540558,honest
0.7311812107787764,0.690029019694613,0.7350476450677255,0.7187526251803718,0.003866434288949061,honest
0.5940168418351364,0.5626388490396713,0.5322309246962598,0.5629622051903559,-0.03137799279546505,honest
0.3133289542788431,0.3416124487721397,0.3340985551058708,0.32967998605228455,0.02828349449329659,honest
0.433528905597575,0.39545486265396573,0.3586000598918765,0.39586127604780574,-0.038074042943609276,honest
0.1467118920147562,0.1560217509347738,0.14749411542227855,0.1500759194572695,0.009309858920017594,honest
0.2277631361104293,0.21659097877052008,0.2889301617036871,0.24442809219487885,0.06116702559325782,honest
0.16663813548633927,0.15522667922827993,0.21242485822017443,0.17809655764493124,0.04578672273383516,honest
0.17941668163901603,0.23657816506197876,0.22618183432383993,0.2140588936749449,0.05716148342296273,honest
0.729447939463918,0.7207464154984305,0.7705219787518671,0.7402387779047386,0.04107403928794917,honest
0.8491770806034616,0.8506620602490587,0.821498700668097,0.840445947173539,0.0014849796455970177,honest
0.6842987214093019,0.6979622701939739,0.7081379904151912,0.6967996606728223,0.023839269005889285,honest
0.48032927618907206,0.46757198542148437,0.5171503071917273,0.4883505229340946,0.03682103100265521,honest
0.33902826473446585,0.29634071411962487,0.3290184527776864,0.32146247721059235,-0.010009811956779469,honest
0.4812538997235114,0.5097319738606607,0.48951301373516615,0.4934996291064461,0.028478074137149312,honest
0.19969599961720874,0.1329353608756865,0.18168742096367768,0.17143959381885762,-0.01800857865353106,honest
0.32186279603340406,0.3297353097999798,0.3132763978717955,0.32162483456839314,0.007872513766575717,honest
0.4684450422548536,0.4621477774944263,0.5202138652649093,0.48360222833806304,0.0517688230100557,honest
0.8109982172968346,0.7269252485787379,0.7875822737505478,0.7751685798753734,-0.023415943546286844,honest
0.8187956720733963,0.8073219921935081,0.8747844303858362,0.8336340315509135,0.05598875831243988,honest
0.5937613682197567,0.5235557282065585,0.5891052217299185,0.5688074393854112,-0.004656146489838142,honest
0.22766745032476612,0.22772843583129496,0.29275932806133387,0.24938507140579833,0.06509187773656774,honest
0.6344643190338721,0.6180408249693103,0.669877830638271,0.6407943248804845,0.03541351160439887,honest
0.445616029885266,0.40786957679513014,0.40165052888059904,0.41837871185366504,-0.037746453090135856,honest
0.45028161595209937,0.4949047665533103,0.4704158675449331,0.47186741668344756,0.044623150601210915,honest
0.3257276134449107,0.274159278254775,0.29012544222885267,0.29667077797617947,-0.03560217121605802,honest
0.8376014883630367,0.7868674928424739,0.869160901132985,0.8312099607794986,0.031559412769948336,honest
0.5856570039228428,0.566093649723473,0.6315689613841639,0.5944398716768265,0.04591195746132104,honest
0.5994043139404429,0.6354474630479066,0.6249179258652638,0.6199232342845379,0.036043149107463646,honest
0.20251211056575577,0.19618881776764752,0.24573453304346865,0.2148118204589573,0.04322242247771288,honest
0.13381491627575517,0.15307181636269257,0.16450251146479847,0.15046308136774875,0.030687595189043293,honest
0.4057911294399273,0.33472857266824674,0.4083106281461778,0.3829434434181172,0.0025194987062505114,honest
0.19171965892162268,0.23172046644354133,0.16698267260046332,0.19680759932187578,0.040000807521918647,honest
0.30562637302541984,0.3054047698407206,0.2975158794746429,0.30284900744692783,-0.00022160318469921503,honest
0.6594311999084396,0.6303386614643752,0.6397283549240719,0.6431660720989623,-0.019702844984367696,honest
0.2861232295745034,0.2536173529177526,0.23536331511750455,0.2583679658699202,-0.03250587665675081,honest
0.5143329768764877,0.4349397832269141,0.4782276261169858,0.47583346207346255,-0.036105350759501886,honest
0.5158563666510376,0.45652196148965685,0.541923334001988,0.5047672207142275,0.026066967350950376,honest
0.8522079443458108,0.8653597083745792,0.8879445641046195,0.8685040722750031,0.03573661975880871,honest
0.631044811742145,0.6734197434674002,0.6764624120890045,0.6603089890995166,0.04541760034685949,honest
0.4629489606043812,0.48274123851881034,0.4818613883325865,0.475850529151926,0.01979227791442917,honest
0.4219953017073812,0.5091556170195392,0.4945613057678991,0.4752374081649398,0.08716031531215795,honest
0.24181433322435072,0.2367197811688263,0.2016139506752207,0.22671602168946592,-0.005094552055524421,honest
0.5629206189829564,0.5284965124781466,0.5565400727605335,0.5493190680738788,-0.0063805462224229,honest
0.6927459611788696,0.7256326760475237,0.7320996282375035,0.7168260884879656,0.03935366705863397,honest
0.5719020439916144,0.5145510817869344,0.5146118025399611,0.5336883094395033,-0.05729024145165329,honest
0.6852227925767794,0.6624614807817969,0.685244950101068,0.6776430744865481,2.2157524288579644e-05,honest
0.18032431495446222,0.21252239357778785,0.20457816125429468,0.19914162326218157,0.03219807862332563,honest
0.8181161107661433,0.8399355558822844,0.8451031496464331,0.8343849387649537,0.02698703888028975,honest
0.12682930247233798,0.07827916195764206,0.15658259701761243,0.12056368714919748,0.02975329454527445,honest
0.21039259457519277,0.17746514901035476,0.2686176073870851,0.21882511699087756,0.05822501281189235,honest
0.5112945099969985,0.4584636560038369,0.5267520553049119,0.4988367404352491,0.015457545307913323,honest
0.30772990342053996,0.23843843852466934,0.23699324654283527,0.26105386282934817,-0.06929146489587062,honest
0.12644642878947582,0.13572384760473755,0.08581059822131114,0.1159936248718415,0.009277418815261729,honest
0.7157509768308112,0.7228611202887665,0.7144983680498314,0.717703488389803,0.0071101434579552425,honest
0.42657448183108254,0.386134473293332,0.38880326174978785,0.4005040722914008,-0.03777122008129469,honest
0.8340400430241771,0.7767594284387891,0.7665029641251693,0.7924341451960452,-0.05728061458538802,honest
0.6060730517010222,0.5677382701572471,0.5808148943278316,0.584875405395367,-0.025258157373190593,honest
0.6886701772689332,0.6254873823282664,0.6449749992712129,0.6530441862894708,-0.04369517799772027,honest
0.30204911163033,0.23683089104589358,0.24527069546891456,0.26138356604837937,-0.056778416161415435,honest
0.7077873345039849,0.755207479083739,0.7137511464032242,0.7255819866636495,0.047420144579754075,honest
0.15387033330742153,0.20177980739304205,0.2151227610181047,0.19025763390618944,0.06125242771068318,honest
0.7538942446154389,0.7809844053106579,0.7346743211951754,0.7565176570404241,0.02709016069521908,honest
0.3741517660609226,0.28581837655988424,0.29306903729425743,0.3176797266383548,-0.08108272876666517,honest
0.21896222450420388,0.23445254762580164,0.2746131602137911,0.2426759774479322,0.055650935709587235,honest
0.47640681158169584,0.4688839966478424,0.4213213756437859,0.45553739462444137,-0.007522814933853428,honest
0.2955079875617607,0.31656824099651476,0.2843451108273216,0.29880711312853236,0.02106025343475404,honest
0.5902602914984313,0.6045238443645053,0.5929317791928389,0.5959053050185918,0.014263552866074058,honest
0.3804179383297498,0.3619331870495102,0.2995839252101794,0.3473116835298131,-0.018484751280239575,honest
0.7935175005432816,0.8342296034077394,0.8247599063130618,0.8175023367546942,0.04071210286445781,honest
0.39241773440739847,0.41703853951388137,0.4443342250414734,0.4179301663209178,0.05191649063407494,honest
0.582571344404238,0.5707181832682002,0.6402755995408477,0.5978550424044285,0.057704255136609706,honest
0.8900907627931103,0.8546896731476721,0.8647524772147787,0.869844304385187,-0.02533828557833162,honest
0.15614242189402328,0.0764876495269875,0.12236418878939875,0.11833142007013651,-0.03377823310462452,honest
0.3246619768013441,0.33438621538495117,0.352218356920485,0.3370888497022601,0.027556380119140855,honest
0.21623660027433067,0.22882558041536333,0.3051388815932931,0.2500670207609957,0.08890228131896244,honest
0.808853372267043,0.8091637480933775,0.8156157295046377,0.8112109499550194,0.006762357237594663,honest
0.28173821749125566,0.23217407538796697,0.22861087572370942,0.247507722867644,-0.04956414210328869,honest
0.4698307609037755,0.48176250110187796,0.5389375258689071,0.4968435959581869,0.06910676496513157,honest
0.17655414528674,0.14077384530823328,0.15516849574429883,0.15749882877975738,-0.021385649542441154,honest
0.3165222610630548,0.3528595799349844,0.31066716097887737,0.3266830006589722,0.03633731887192959,honest
0.5507287524574277,0.5694908287737825,0.5968066861699935,0.5723420891337346,0.046077933712565855,honest
0.6575517156272759,0.6391759912743287,0.6622840821981828,0.6530039296999292,0.004732366570906921,honest
0.5312049259086289,0.5756989692803275,0.5857466294518928,0.5642168415469496,0.05454170354326393,honest
0.39448633302815095,0.3280549379669459,0.3249088908271496,0.34915005394074883,-0.06643139506120505,honest
0.6821001365835025,0.7013912446056563,0.6760337388232573,0.6865083733374719,0.019291108022153725,honest
0.32903185835870546,0.32706321448818343,0.3165912736767282,0.32422878217453904,-0.0019686438705220355,honest
0.32673917647087886,0.3038134994779728,0.2768743171166336,0.30247566435516177,-0.02292567699290604,honest
0.7975327234616905,0.8788745957518745,0.8284514376655898,0.8349529189597183,0.08134187229018408,honest
0.25229643780873157,0.28540092665853656,0.27132883171185185,0.2696753987263733,0.03310448884980499,honest
0.7611272549602316,0.7644765747409451,0.7801684834456918,0.7685907710489562,0.019041228485460193,honest
0.2986769034516628,0.271855351269309,0.3485012078870135,0.3063444875359951,0.049824304435350686,honest
0.8091901528861412,0.8758049890008595,0.8977723034908572,0.8609224817926192,0.08858215060471608,honest
0.2512547991571298,0.286009105860671,0.1978548739604467,0.24503959299274913,0.03475430670354124,honest
0.637671114534727,0.700375833335125,0.7050420383140087,0.6810296620612869,0.06737092377928167,honest
0.8528346129564934,0.8916174563896785,0.8898681311442541,0.8781067334968086,0.038782843433185055,honest
0.3881719260096722,0.30898114206615374,0.3649073664428098,0.35402014483954525,-0.02326455956686241,honest
0.24606375840789033,0.24170238999308336,0.3036359474179764,0.26380069860631666,0.05757218901008607,honest
0.3943766481673291,0.32843560509434716,0.353429004797514,0.3587470860197301,-0.0409476433698151,honest
0.5606653503841661,0.5134682841934768,0.5441821715439707,0.5394386020405378,-0.016483178840195345,honest
0.8203685174071802,0.7820781460643131,0.7612222767446035,0.7878896467386989,-0.03829037134286706,honest
0.7482060402057826,0.8335492663891638,0.7989728125234651,0.7935760397061372,0.0853432261833812,honest
0.8811324823876835,0.9010475698636508,0.836325340355488,0.8728351308689408,0.019915087475967264,honest
0.7039437225058258,0.7117381931752924,0.7265011774667386,0.7140610310492855,0.02255745496091277,honest
0.8473500382690005,0.8257690327355228,0.7907183695658044,0.8212791468567758,-0.021581005533477637,honest
0.46084383198054524,0.4109633163984864,0.3981330131347956,0.42331338717127576,-0.04988051558205886,honest
0.3624216252780294,0.3633285381582202,0.3570585012176122,0.36093622155128724,0.0009069128801907911,honest
0.08546194518243089,0.18244679068269265,0.12645186508267575,0.13145353364926643,0.09698484550026176,honest
0.42542604599705236,0.37928670651425184,0.45245743612276795,0.41905672954469075,0.027031390125715593,honest
0.6880171117636675,0.7208340891109345,0.7669878422886581,0.7252796810544201,0.0789707305249906,honest
0.8525257689581152,0.867126756754199,0.8224890124423357,0.8473805127182166,0.014600987796083875,honest
0.8661020710479256,0.9372080783230938,0.9078995658088181,0.9037365717266125,0.07110600727516825,honest
0.5874582870047382,0.5592564170748633,0.5538422391036382,0.5668523143944132,-0.028201869929874945,honest
0.24503279347056572,0.3043474146128156,0.26140149317281325,0.2702605670853982,0.05931462114224989,honest
0.19318440426479824,0.18465272974705968,0.1890493695702384,0.18896216786069878,-0.004135034694559836,honest
0.863315783039097,0.8855504600074141,0.9217501056875573,0.8902054495780227,0.05843432264846038,honest
0.6222060850770194,0.6883998069420956,0.6292605516266999,0.6466221478819382,0.06619372186507622,honest
0.28275153414743986,0.2883480853422688,0.2870627126418796,0.28605411071052944,0.005596551194828936,honest
0.21093555618124193,0.1497494741770745,0.1361409620464843,0.16560866413493358,-0.06118608200416745,honest
0.8565636137181571,0.8472112256217269,0.8419500713676696,0.8485749702358513,-0.009352388096430242,honest
0.6292793215721314,0.5828922605023584,0.6150389058182872,0.6090701626309257,-0.01424041575384416,honest
0.37412619198588376,0.42049282497870966,0.39773838711772824,0.39745246802744055,0.046366632992825896,honest
0.1368552929210995,0.18316284909207795,0.12245005867514838,0.14748940022944193,0.04630755617097845,honest
0.7804801839404124,0.7790241889716798,0.7902063097049667,0.7832368942056863,0.009726125764554339,honest
0.7445256935303386,0.7775463879960257,0.7663179691396984,0.7627966835553543,0.03302069446568712,honest
0.3514856147710529,0.3433652182962299,0.3294677996013796,0.34143954422288747,-0.008120396474822988,honest
0.8171948033713737,0.801301680946897,0.8141667161117607,0.8108877334766772,-0.0030280872596130104,honest
0.675991246511457,0.6698383071569454,0.683248833291191,0.6763594623198644,0.007257586779733982,honest
0.2649711601543518,0.2640684370089822,0.17980881253791486,0.23628280323374962,-0.0009027231453695994,honest
0.7235403871991547,0.7441652858777243,0.785004226080971,0.7509032997192834,0.06146383888181628,honest
0.2604046192505528,0.26182133463442075,0.22935469021473018,0.2505268813665679,0.0014167153838679503,honest
0.08381251069095814,0.11680138921104109,0.15322731517620922,0.11794707169273615,0.06941480448525107,honest
0.5814311797197507,0.6188513919232959,0.6094493595849203,0.603243977075989,0.03742021220354519,honest
0.6845743800036107,0.7499791063711176,0.7280029739885259,0.720852153454418,0.06540472636750694,honest
0.8545808196910644,0.8836557924005906,0.9135964136381974,0.8839443419099507,0.05901559394713307,honest
0.22573063111618852,0.20079635462262474,0.1387914883030606,0.1884394913472913,-0.02493427649356378,honest
0.36158806242198116,0.29750591370433016,0.34898789957508036,0.3360272919004639,-0.012600162846900798,honest
0.38879799733911313,0.3312806489436167,0.41386012617760304,0.3779795908201109,0.025062128838489905,honest
0.9256789608704867,0.9037563585162101,0.8417997993549807,0.8904117062472259,-0.021922602354276677,honest
0.6590692483890982,0.6588229118961177,0.6889715786581722,0.6689545796477959,0.029902330269073962,honest
0.5179552941045119,0.5092440899843831,0.48550482296140746,0.5042347356834341,-0.008711204120128824,honest
0.36861378304110387,0.31151946324893004,0.3140400354583003,0.3313910939161114,-0.05457374758280359,honest
0.26038001182832826,0.2502672795314842,0.2029760182322114,0.23787443653067464,-0.010112732296844062,honest
0.1839547667001455,0.1813559579207877,0.1432307891924951,0.16951383793780941,-0.0025988087793577808,honest
0.8257966389784183,0.8539243299045884,0.9050524418170882,0.8615911369000316,0.07925580283866995,honest
0.44963444830730637,0.4255412933371773,0.4132033737757648,0.4294597051400828,-0.024093154970129094,honest
0.8781155189993669,0.9265920387357761,0.8601775789569712,0.8882950455640382,0.04847651973640921,honest
0.22359717150851777,0.28565044575765514,0.25733639759244276,0.25552800495287187,0.06205327424913737,honest
0.7888075905408654,0.8383059426631818,0.7600391514420217,0.7957175615486897,0.04949835212231646,honest
0.8225582196436628,0.8219907188288939,0.8293768571761774,0.8246419318829113,0.006818637532514549,honest
0.7214412249175406,0.6719436805226379,0.6620718107035243,0.6851522387145677,-0.049497544394902726,honest
0.8483433097046232,0.8663320073501671,0.8348305134038045,0.8498352768195317,0.017988697645543894,honest
0.15636513039017064,0.2124030798928127,0.18687714065986186,0.1852151169809484,0.05603794950264207,honest
0.2595792360344131,0.2168406750677828,0.26861692155170924,0.24834561088463503,0.009037685517296168,honest
0.34495063361179695,0.2962309194404355,0.31071673845625825,0.3172994305028302,-0.03423389515553871,honest
0.0665411207059364,0.09854578756714899,0.10729031539819286,0.09079240789042609,0.04074919469225646,honest
0.5591826963663734,0.5995146271080973,0.6160286782143635,0.591575333896278,0.05684598184799006,honest
0.6778426736495156,0.7219314858404627,0.6843738089564974,0.6947159894821585,0.04408881219094718,honest
0.34230227201673663,0.2578855669801733,0.2935248280351576,0.29790422234402253,-0.048777443981579016,honest
0.6147710845089057,0.6004894558031867,0.5455016721964137,0.5869207375028354,-0.01428162870571903,honest
0.3629402109336647,0.31995569650967687,0.34623173971611165,0.34304254905315107,-0.016708471217553034,honest
0.08442033674859532,0.11625481465325285,0.08983406243739928,0.09683640461308247,0.03183447790465753,honest
0.5729791755229732,0.5840913485201549,0.5240477030337276,0.5603727423589518,0.011112172997181702,honest
0.19444284984069582,0.24762909076161949,0.25463363845594594,0.23223519301942042,0.060190788615250124,honest
0.16889014048488263,0.08046604422566088,0.12939854939062068,0.1262515780337214,-0.03949159109426195,honest
0.7043453279353417,0.6886571087739759,0.6974212238677123,0.69680788685901,-0.006924104067629333,honest
0.40304266540889616,0.32957163867271244,0.4110418196402977,0.3812187079073021,0.007999154231401517,honest
0.5698036779192384,0.533305729374819,0.5524316704426415,0.551847025912233,-0.01737200747659684,honest
0.5442810809244238,0.4792851269519496,0.477157337147947,0.5002411816747735,-0.06499595397247426,honest
0.263637055219436,0.33486094386733734,0.26960398594392154,0.289367328343565,0.07122388864790136,honest
0.8643817838324157,0.848903996224175,0.909662055369553,0.8743159451420479,0.04528027153713732,honest
0.6267857920460148,0.6325025754944641,0.6488863982279274,0.6360582552561355,0.022100606181912563,honest
0.33239718467071316,0.3302431092797173,0.29779636169973267,0.3201455518833877,-0.00215407539099588,honest
0.27765678498644525,0.21685380164123372,0.21269921096389674,0.23573659919719192,-0.06080298334521153,honest
0.3024086064829026,0.342973561349809,0.32886321778560174,0.3247484618727711,0.04056495486690642,honest
0.6867145504047923,0.6787587162146811,0.6812690932584451,0.6822474532926396,-0.0054454571463472545,honest
0.8441305701300945,0.9268228006010911,0.8979871918460856,0.8896468541924237,0.08269223047099661,honest
0.4734181013931861,0.4495592294941427,0.48823465915983844,0.470403996682389,0.01481655776665236,honest
0.8127335838963523,0.7982442709325119,0.829796524068343,0.8135914596324024,0.017062940171990726,honest
0.8009568953939195,0.8421873348497011,0.8430466985026048,0.8287303095820752,0.042089803108685375,honest
0.6496471864449508,0.7080729144004336,0.7273936699987888,0.6950379236147244,0.07774648355383806,honest
0.21750081958858136,0.29088599650035757,0.21184418236714259,0.24007699948536051,0.0733851769117762,honest
0.7827358603404668,0.7582311821359811,0.8205830648229144,0.7871833690997875,0.037847204482447605,honest
0.4577259393951014,0.44216754094210897,0.46553928914562515,0.4551442564942785,0.007813349750523724,honest
0.2199272517331943,0.277760330301547,0.20663244133813097,0.23477334112429074,0.05783307856835271,honest
0.6079083380555033,0.6527366442016939,0.5884766977048688,0.6163738933206886,0.0448283061461906,honest
0.8712357902011998,0.8494618823974822,0.8332065107958371,0.8513013944648398,-0.021773907803717574,honest
0.23778371892563438,0.21950664171316123,0.26869466065829356,0.24199500709902969,0.03091094173265918,honest
0.4195814461882077,0.45642451758984776,0.4653877406179893,0.4471312347986816,0.045806294429781624,honest
0.20039544794959166,0.18730066901411419,0.25727372782732394,0.2149899482636766,0.05687827987773228,honest
0.6285067096724254,0.6654606669943637,0.6616106373924493,0.6518593380197462,0.03695395732193829,honest
0.6051106195687276,0.5388676125210786,0.5294754534571745,0.5578178951823269,-0.06624300704764896,honest
0.27150837482252316,0.3189166420136949,0.3594602584430878,0.31662842509310196,0.08795188362056466,honest
0.09368582393581042,0.12669473536315126,0.17486233428759823,0.13174763119551997,0.08117651035178781,honest
0.35364836485023965,0.30708216988643966,0.3177592040776093,0.3261632462714295,-0.035889160772630324,honest
0.9358159680106821,0.8397980964605185,0.9344852769094014,0.9033664471268673,-0.001330691101280701,honest
0.6480877797044025,0.6067699358157862,0.6128555531103252,0.6225710895435047,-0.03523222659407721,honest
0.5077636899601466,0.4550423896811675,0.444074623192804,0.4689602342780394,-0.052721300278979144,honest
0.3668120295466174,0.3165292984852476,0.36368719660544446,0.3490095082124365,-0.003124832941172939,honest
0.8353197084647582,0.893189848708329,0.8703046588162735,0.8662714053297869,0.057870140243570733,honest
0.7622287824467429,0.8137763987246207,0.8283253324668153,0.8014435045460596,0.06609655002007242,honest
0.8740161784081831,0.8554088519800613,0.86747609959934,0.8656337099958614,-0.006540078808843108,honest
0.8021849622468576,0.7481626935526583,0.8382188571336724,0.7961888376443961,0.036033894886814744,honest
0.6692727394029735,0.6231889160650206,0.6675099478485146,0.6533238677721696,-0.001762791554458909,honest
0.430214822227476,0.3757508275541258,0.43087605498363035,0.41228056825507736,0.0006612327561543729,honest
0.8543521845025889,0.947248399038665,0.8902217766888203,0.8972741200766915,0.0928962145360761,honest
0.8248413086756348,0.8033043863684741,0.82044768119494,0.816197792079683,-0.004393627480694717,honest
0.7932264812061816,0.7855157651974022,0.8195717875974368,0.7994380113336735,0.026345306391255208,honest
0.7725052670306685,0.7760581184388704,0.7398350850343003,0.7627994901679465,0.0035528514082019402,honest
0.7162882784770782,0.7587162827361023,0.7048432389898295,0.7266159334010034,0.042428004259024044,honest
0.34631481740735603,0.34928593308114175,0.37921538458920245,0.3582720450259001,0.03290056718184642,honest
0.4057158432785297,0.3846008941037094,0.39817166017921063,0.3961627991871499,-0.007544183099319091,honest
0.23913529418736554,0.29216056114865896,0.2986369816660228,0.27664427900068245,0.05950168747865728,honest
0.5919416811877489,0.5835708548256147,0.6319256417648742,0.602479392592746,0.03998396057712528,honest
0.5131836158719476,0.467829634689618,0.4993902108715901,0.49346782047771853,-0.013793405000357528,honest
0.3940387731183757,0.4121737319514189,0.4075167497013735,0.404576418257056,0.01813495883304317,honest
0.6128124003889686,0.6176226481063651,0.6081363818574052,0.6128571434509129,0.004810247717396576,honest
0.8162422150315839,0.8339967553323023,0.8151752442617619,0.8218047382085493,0.017754540300718435,honest
0.6577828262186811,0.5923280009813123,0.6606832258033131,0.6369313510011022,0.002900399584631952,honest
0.19165751491220012,0.13337618095561216,0.10835599507657034,0.14446323031479422,-0.058281333956587966,honest
0.46437506412111135,0.4671846975452528,0.4694264038416892,0.4669953885026845,0.005051339720577863,honest
0.7463368459336562,0.7235514881817311,0.7534540965972226,0.74111414357087,0.007117250663566388,honest
0.6501829394519083,0.6642754495310901,0.6351091487122497,0.6498558458984159,0.014092510079181775,honest
0.26303126502424257,0.21306331439730697,0.2474358179944503,0.24117679913866663,-0.015595447029792264,honest
0.6279247016874205,0.6739682313408365,0.6428932877480825,0.6482620735921132,0.04604352965341596,honest
0.8686960648620563,0.9009407551675797,0.87536415440569,0.881666991478442,0.03224469030552335,honest
0.14804516384325755,0.17987036050452104,0.14489120829848845,0.15760224421542235,0.03182519666126349,honest
0.793771733876273,0.7281590647363254,0.7265555715322549,0.7494954567149511,-0.06561266913994757,honest
0.5798876380614639,0.6227709213674655,0.6287871034205945,0.610481887616508,0.04889946535913059,honest
0.3564241593396227,0.41078965496656067,0.3602177069969881,0.3758105071010571,0.05436549562693799,honest
0.750465280175819,0.7748464447400898,0.7176449861944095,0.7476522370367729,0.024381164564270752,honest
0.5942642276149813,0.6077483060588058,0.5658888805157448,0.5893004713965108,0.013484078443824488,honest
0.7257787037096686,0.6611729759644233,0.6490704515073619,0.6786740437271512,-0.06460572774524531,honest
0.13310801888139573,0.1296202724459472,0.12358061010847612,0.1287696338119397,-0.0034877464354485244,honest
0.2746482764833318,0.29500531041139766,0.2852343627786973,0.28496264989114223,0.02035703392806587,honest
0.8538723914275832,0.9097428715766692,0.880660292982339,0.8814251853288638,0.05587048014908602,honest
0.46431946850630945,0.4618033070729288,0.49168529131071065,0.4726026889633163,0.027365822804401196,honest
0.1631263965017168,0.2251493132761743,0.2105541232639411,0.1996099443472774,0.06202291677445748,honest
0.2772704701467434,0.27789435820748776,0.35874762071425653,0.3046374830228293,0.08147715056751315,honest
0.1293297407794458,0.66715356365156,0.7131800467404322,0.8401668051959962,0.5838503059609864,masking
0.23167092681789464,0.724248707041178,0.6242983449611327,0.8242735260011554,0.4925777802232834,masking
0.13179922866865157,0.6236643972572752,0.8801247777378265,0.9018945874975509,0.7483255490691749,masking
0.277807079166518,0.7890041701115786,0.9080276806465104,0.9985159253790445,0.6302206014799925,masking
0.1665506695703693,0.7865352252929674,0.7135168135903814,0.9000260194416744,0.619984555722598,masking
0.28164371644728253,0.8343204343193665,0.9479487764274086,1.0,0.6663050599801261,masking
0.2128219642993014,0.7952241960795087,0.8557276785837361,0.9754759373316224,0.6429057142844348,masking
0.3851688495768831,0.6210498199102747,0.7968038855572683,0.8589268527337716,0.41163503598038526,masking
0.12032679103066977,0.6613560298251808,0.841501711787233,0.9014288708062069,0.7211749207565632,masking
0.2076298276903648,0.7875396895655784,0.6338367573763518,0.8606882234709651,0.5799098618752137,masking
0.2827191035705263,0.8646571651133361,0.7216500334836436,0.94315359929849,0.5819380615428098,masking
0.13212472864940875,0.8784074862764052,0.9245122368178084,1.0,0.7923875081683996,masking
0.3973692257554313,0.7397605705332578,0.6533456046656461,0.8465530875994519,0.3423913447778265,masking
0.34471165303174744,0.9244503387735032,0.7889849955981958,1.0,0.5797386857417558,masking
0.08119355124060582,0.7823352920452147,0.8182549908009659,0.9502951414230904,0.7370614395603601,masking
0.33912367058838494,0.8643446471738827,0.6446997192723322,0.9045221832231075,0.5252209765854978,masking
0.06265613318366675,0.873709830684635,0.8480606442100417,1.0,0.8110536975009683,masking
0.1760477426150317,0.706094924580865,0.692089399468795,0.8490921620248301,0.5300471819658332,masking
0.2438307842493317,0.6306749613673435,0.9279352380608719,0.9293050997141077,0.6841044538115402,masking
0.20652088917669248,0.7069335087303082,0.7389435309759992,0.8729385198531537,0.5324226417993068,masking
0.3717871906250461,0.810208016676216,0.7804877996937742,0.9453479081849951,0.4384208260511699,masking
0.3479987352107835,0.7739372190170406,0.9472553051881594,1.0,0.5992565699773759,masking
0.09072823925991663,0.6729786800250674,0.9257083251253706,0.949343502575219,0.8349800858654539,masking
0.35729101215577436,0.886107397971917,0.733218152716803,0.95966277534436,0.5288163858161425,masking
0.3265106527074715,0.9038198415376075,0.8820738900411673,1.0,0.577309188830136,masking
0.1910430625678065,0.7066376986843143,0.6283217490679383,0.8174797238761263,0.5155946361165078,masking
0.17113490428822495,0.6607335802452781,0.8432328811158616,0.9019832306805698,0.6720979768276366,masking
0.3378681972720263,0.9414635703009702,0.8243402270708662,1.0,0.6035953730289438,masking
0.372965016679688,0.6463836354596469,0.9017050687954178,0.9240443521275324,0.5287400521157297,masking
0.3176834303160484,0.7704716715866275,0.812188528212842,0.9413300998997348,0.49450509789679364,masking
0.18953205972030962,0.6611935195411444,0.7758981267622048,0.8685458231516746,0.5863660670418952,masking
0.07386030828492275,0.6512308972567872,0.728637047802036,0.8399339725294116,0.6547767395171132,masking
0.38709028905621085,0.6090341674323204,0.647308201204188,0.7781711843182543,0.2602179121479771,masking
0.2013742574155462,0.7923353375632559,0.938037756403627,1.0,0.7366634989880807,masking
0.20382909102151858,0.7091356465798409,0.7771496519940854,0.8931426492869631,0.5733205609725668,masking
0.12561336387835986,0.6369826394916104,0.8242892101415722,0.8806359248165913,0.6986758462632123,masking
0.10320869859502685,0.8168557842142403,0.8275703823393536,0.972213083276797,0.7243616837443267,masking
0.2109301483192621,0.6214723694887339,0.8732665551239539,0.8973694623063438,0.6623364068046917,masking
0.07022319634872833,0.6203573284269165,0.9482032110094185,0.9342802697181675,0.8779800146606902,masking
0.13371303647557398,0.8432623301004936,0.9442876238421947,1.0,0.8105745873666207,masking
0.15614630164865845,0.6497872790405186,0.6424847287978501,0.7961360039191844,0.49364097739186014,masking
0.07180212934552195,0.6353660338537264,0.8422564695929461,0.8888112517233363,0.7704543402474241,masking
0.3348895943271066,0.7782977448524264,0.9488438988485418,1.0,0.6139543045214353,masking
0.26836354270207347,0.8153268033808538,0.7071887672753141,0.911257785328084,0.5469632606787804,masking
0.09574863185906982,0.7844645123690781,0.74912918436163,0.916796848365354,0.6887158805100083,masking
0.11811787913726778,0.9103114753341632,0.7574246270874628,0.983868051210813,0.7921935961968954,masking
0.33963826344840603,0.7287157728070514,0.7449454133851244,0.8868305930960879,0.4053071499367184,masking
0.053860942550026526,0.8567650331964907,0.8692567127744688,1.0,0.8153957702244423,masking
0.05671729688806984,0.7456538993629165,0.7684704530723632,0.9070621762176398,0.7117531561842934,masking
0.09798839700514968,0.6909346230607619,0.8661014380927472,0.9285180305767545,0.7681130410875975,masking
0.054242271125362646,0.787358546008407,0.6753206552060331,0.8813396006072202,0.7331162748830444,masking
0.33053798915904636,0.6844205101598395,0.9415558142185187,0.9629881621891792,0.6110178250594724,masking
0.08840766953712623,0.9358518255123616,0.7707489153742269,1.0,0.8474441559752354,masking
0.3455249789588656,0.7917858211407924,0.7590320670959863,0.9254089441183894,0.44626084218192685,masking
0.1025170326428945,0.6343289032744855,0.7708843979576223,0.852606650616054,0.6683673653147278,masking
0.2166063452790683,0.713636574411521,0.8580749770857299,0.9358557757486254,0.6414686318066616,masking
0.21080636894209537,0.7315608998010192,0.7380666974995123,0.8848137986502658,0.5272603285574169,masking
0.3843671402763749,0.8747557903429699,0.912229641129082,1.0,0.5278625008527071,masking
0.29084714713028975,0.8754161851893533,0.7103924135118044,0.9429042993505788,0.5845690380590636,masking
0.3443050527990729,0.7531610934193871,0.6891347177161179,0.8711479055677526,0.40885604062031417,masking
0.21151711261865697,0.6134492221368137,0.9156166972473982,0.914532959692106,0.7040995846287412,masking
0.36329120924728775,0.8230205168828981,0.830773872772024,0.9768971948274611,0.4674826635247362,masking
0.0733282141962415,0.8228343887585226,0.8148767546660216,0.9688555717122721,0.7495061745622811,masking
0.30810181905252,0.7814428076808214,0.6525591502859646,0.867000978983393,0.47334098862830143,masking
0.0645855152108345,0.779277672284436,0.8380797227229236,0.9586786975036798,0.7734942075120892,masking
0.07522951759953568,0.6296772056160311,0.8507131858219388,0.890195195718985,0.7754836682224031,masking
0.38477548940481804,0.6249398547178405,0.6042379663322106,0.7645889105250255,0.2401643653130225,masking
0.15378745345067935,0.8581279258106524,0.7236379929757224,0.9408829593931874,0.7043404723599731,masking
0.28147971387464504,0.7223961304110473,0.8711287359134137,0.9467624331622305,0.5896490220387687,masking
0.08443847739968907,0.6648184487536137,0.6609382673669295,0.8128783580602716,0.5803799713539246,masking
0.14276624991375142,0.8311059518954683,0.8675304317776076,0.999318191836538,0.7247641818638562,masking
0.3887510121957607,0.6073307363608195,0.6287600836167495,0.7680454099887845,0.24000907142098882,masking
0.26863224909899236,0.703405672117097,0.8692281017433467,0.936316886930222,0.6005958526443544,masking
0.09248524635579225,0.7336788738785135,0.6719905417684443,0.8528347078234789,0.6411936275227212,masking
0.2753664887393958,0.8152545388136033,0.8711218232232257,0.9931881810184146,0.59575533448383,masking
0.38897107215803434,0.7856057466372054,0.6146829282010726,0.850144337419139,0.39663467447917106,masking
0.3929896152755977,0.879549967079101,0.7024877128453376,0.9410188399622194,0.4865603518035033,masking
0.31182561280033627,0.8106585563727127,0.8038479303725362,0.9572532433726245,0.4988329435723764,masking
0.09483351122817002,0.8841194258315481,0.8297675125660259,1.0,0.7892859146033782,masking
0.1286154641453482,0.7183936270980744,0.9248292741141173,0.9716114506060959,0.7962138099687691,masking
0.2037917463930583,0.7302584583431296,0.7512269090304686,0.8907426836867992,0.5474351626374103,masking
0.13424244914137673,0.8145288538730839,0.9300765432106477,1.0,0.795834094069271,masking
0.36042371507324433,0.6425254817053213,0.669114671450978,0.8058200765781497,0.3086909563777337,masking
0.3355814286390161,0.8260337844293221,0.700067376233706,0.913050580331514,0.490452355790306,masking
0.37162428677384407,0.9014794987272026,0.8962800185415973,1.0,0.5298552119533585,masking
0.21118882404594902,0.6882843570606765,0.8642646750611973,0.9262745160609369,0.6530758510152483,masking
0.32175660627490366,0.8946994935115216,0.8549717370065646,1.0,0.5729428872366179,masking
0.24075942161392844,0.829656643188375,0.6621000693143974,0.8958783562513862,0.5888972215744466,masking
0.0651108075289541,0.9446344088335779,0.9280858232739916,1.0,0.8795236013046237,masking
0.30409296849485346,0.657685185505303,0.6461050707090966,0.8018951281071999,0.3535922170104495,masking
0.22704844253314016,0.8862248654499307,0.6747289782087351,0.930476921829333,0.6591764229167906,masking
0.2397830219221469,0.8942460598039199,0.8564805406681877,1.0,0.6544630378817731,masking
0.1541419579615872,0.8066216916605705,0.777926191420698,0.9422739415406343,0.6524797336989834,masking
0.3556630205512827,0.7977576975006556,0.8411098557175317,0.9694337766090937,0.48544683516624904,masking
0.10602507223410056,0.8227019738927368,0.8663925379651052,0.994547255928921,0.7603674657310047,masking
0.13633760258256805,0.7615451160469264,0.6032660669394826,0.8324055914932046,0.6252075134643584,masking
0.08471233485552557,0.8542616002895517,0.9471334829722772,1.0,0.8624211481167516,masking
0.1214124721201146,0.7405230105514509,0.8800248390447059,0.9602739247980784,0.7586123669245912,masking
0.2655949075910627,0.7942797322558002,0.8565749536103862,0.9754273429330932,0.5909800460193235,masking
0.32432712456988905,0.6658086571153956,0.7243845990400087,0.8450966280777022,0.4000574744701197,masking
0.31634676600983286,0.7939792799462058,0.6018303647400194,0.8479048223431126,0.4776325139363729,masking
0.1208681960578331,0.6123589742290837,0.8610068239559312,0.8866828990925074,0.7401386278980981,masking
0.16442606571832769,0.9353257180417831,0.7287792629557295,0.9820524904987563,0.7708996523234555,masking
0.3568277666398702,0.6521108176163556,0.7069614754215752,0.8295361465189653,0.35013370878170497,masking
0.20701372083408992,0.9487170181695366,0.7289083356773969,0.9888126769234667,0.7417032973354467,masking
0.2575655169653745,0.8527248283709579,0.9101685231627761,1.0,0.6526030061974015,masking
0.29346635127388243,0.7370339943622403,0.7444176442970183,0.8907258193296294,0.45095129302313586,masking
0.17442255365447512,0.6011263922614976,0.8168562681109441,0.8589913301862209,0.642433714456469,masking
0.2558707934319367,0.8779690659469794,0.6325467239380962,0.9052578949425378,0.6220982725150428,masking
0.07269875806903893,0.7683405114601433,0.8248139340668296,0.9465772227634864,0.7521151759977907,masking
0.24623103304565985,0.802994325599846,0.7965196057858333,0.9497569656928396,0.5567632925541861,masking
0.33174614988826945,0.8112206833087592,0.8367637780292267,0.973992230668993,0.5050176281409573,masking
0.22438948879220877,0.6944372520448749,0.8887672935630218,0.9416022728039484,0.664377804770813,masking
0.16698341154362129,0.6269703976970159,0.6204928252353927,0.7737316114662044,0.4599869861533946,masking
0.3260152376353423,0.8747139419890135,0.8476883271593205,1.0,0.5486987043536713,masking
0.10160838434719939,0.7810441697545633,0.7540696492844217,0.9175569095194925,0.6794357854073638,masking
0.08101015038786603,0.714867463763259,0.7519067781608563,0.8833871209620577,0.6708966277729902,masking
0.30748208998371646,0.6772141834489239,0.8093788529223085,0.8932965181856162,0.501896762938592,masking
0.27489781983731704,0.9494216289875324,0.9265896659702452,1.0,0.6745238091502153,masking
0.3249780663280812,0.7474368186529252,0.8226620776478815,0.9350494481504034,0.4976840113198003,masking
0.34393079997246606,0.6414176668231856,0.7434667113937008,0.8424421891084432,0.39953591142123474,masking
0.2557192763017694,0.7343415331765654,0.8001552949295152,0.9172484140530403,0.5444360186277458,masking
0.16707895105967627,0.6645666885967737,0.7267824045783009,0.8456745465875374,0.5597034535186246,masking
0.34109396528652075,0.6091688479862226,0.6084671173619743,0.7588179826740985,0.26807488269970187,masking
0.1545539507560706,0.6955747834904843,0.7813275681835854,0.8884511758370349,0.6267736174275148,masking
0.2003798844586273,0.9292377357903692,0.6907538656030208,0.959995800696695,0.7288578513317419,masking
0.11513549624619707,0.9054555876696107,0.894676748377133,1.0,0.7903200914234136,masking
0.21903910522987435,0.8809251584284986,0.7603654103582624,0.9706452843933805,0.6618860531986243,masking
0.30477875744081784,0.6467179903455803,0.6282105298149936,0.7874642600802869,0.34193923290476247,masking
0.3053278800283389,0.773761403324355,0.7528977459153128,0.9133295746198339,0.46843352329601606,masking
0.26357880231717445,0.8679295146468884,0.6556178586842737,0.9117736866655811,0.6043507123297139,masking
0.27993430469349884,0.6473739287971899,0.862981280110166,0.905177604453678,0.5830469754166672,masking
0.06996915240293902,0.9348151173792103,0.6241353057247474,0.9294752115519789,0.8648459649762713,masking
0.13644257967519996,0.6987654761426201,0.6915969893075671,0.8451812327250936,0.5623228964674201,masking
0.14518240414502087,0.9171891031823628,0.6873411699473271,0.952265136564845,0.772006699037342,masking
0.32184869493431345,0.8657893918462873,0.757408944857689,0.9615991683519881,0.5439406969119739,masking
0.061764760064148924,0.6228781551475349,0.7706499177856845,0.8467640364666097,0.7088851577215356,masking
0.09873587989115831,0.6219286212093741,0.9172531086705438,0.919590864939959,0.8185172287793855,masking
0.17157016419059495,0.786347238796326,0.7438834609102473,0.9151153498532866,0.614777074605731,masking
0.2823263901614562,0.9149416709905454,0.6076381888714213,0.9112899299309833,0.6326152808290891,masking
0.3778878617115822,0.9371880519747426,0.7960588642116446,1.0,0.5593001902631605,masking
0.14105522683671792,0.6182902577501083,0.7465776616759565,0.8324339597130325,0.6055224348392386,masking
0.13978552185548676,0.8557873377432554,0.9434539816740363,1.0,0.8036684598185495,masking
0.2478655891000635,0.828961110515926,0.669334171465909,0.8991476409909175,0.5810955214158625,masking
0.2629845454437633,0.7623763703409177,0.940201865371038,1.0,0.6772173199272746,masking
0.1029363900572271,0.7223272302303866,0.6399335247107767,0.8311303774705817,0.6193908401731595,masking
0.3477156202443982,0.6788609254829323,0.6878383314691042,0.8333496284760183,0.340122711224706,masking
0.09016910515422613,0.7964279758988837,0.7831868189810283,0.939807397439956,0.7062588707446575,masking
0.07368392666500057,0.9010488926723021,0.8529850061229693,1.0,0.8273649660073016,masking
0.0786038710113724,0.847742284030419,0.7902383760699261,0.9689903300501725,0.7691384130190466,masking
0.10802108905714652,0.7604052245350297,0.7696437004955164,0.9150244625152731,0.6616226114383699,masking
0.2841578180651879,0.9309943514500988,0.8974913800182316,1.0,0.6468365333849109,masking
0.27784071350283396,0.7618034463502125,0.744117939554578,0.9029606929523952,0.4839627328473785,masking
0.22937592706961613,0.7909011542924169,0.6217955870586599,0.8563483706755385,0.5615252272228008,masking
0.06818480214399394,0.8822412660314938,0.7607339571589353,0.9714876115952146,0.8140564638874999,masking
0.14051729221081358,0.8751973697844115,0.670477323747591,0.9228373467660013,0.734680077573598,masking
0.31486302699102225,0.6576472237013036,0.7155752727050241,0.8366112482031639,0.4007122457140018,masking
0.3572405273532143,0.7817850508263781,0.6717084459527494,0.8767467483895638,0.42454452347316374,masking
0.13357867398353876,0.9078536492330351,0.9047024487661024,1.0,0.7742749752494964,masking
0.32020436670849667,0.7579337704633458,0.9447463796493063,1.0,0.6245420129408097,masking
0.2123759818843165,0.6095085974289459,0.6228216069411722,0.7661651021850591,0.41044562505685567,masking
0.22423437781200162,0.918227072051546,0.78854562928345,1.0,0.6939926942395443,masking
0.33773610621007893,0.6369157949848206,0.8298730366535029,0.8833944158191618,0.49213693044342394,masking
0.3875668288652841,0.7331470026276468,0.8714641478238645,0.9523055752257557,0.4838973189585804,masking
0.15049828532960147,0.6713182606946911,0.7831653709181594,0.8772418158064254,0.6326670855885579,masking
0.27210384614260635,0.8774990466618438,0.8021576780584051,0.9898283623601244,0.6053952005192373,masking
0.37028152394246516,0.8792699558655629,0.7385896654318591,0.9589298106487111,0.5089884319230977,masking
0.29356469135908086,0.7865601035361489,0.6552841879923718,0.8709221457642603,0.49299541217706805,masking
0.35001273994956356,0.877641472653389,0.7108665869736344,0.9442540298135117,0.5276287327038254,masking
0.3942325154503277,0.9171501391680181,0.6969165705822331,0.9570333548751256,0.5229176237176905,masking
0.11447869373330916,0.6492490348170654,0.6707054839408715,0.8099772593789685,0.5562267902075624,masking
0.1032364991277955,0.9128963985027546,0.8290023933137366,1.0,0.8096598993749591,masking
0.07921242974628416,0.754113196428922,0.8153543087744307,0.9347337526016765,0.7361418790281465,masking
0.22682237075182338,0.9088457289425684,0.8812612374045372,1.0,0.6820233581907451,masking
0.3944386116627743,0.9384943153407096,0.7462163427462849,0.9923553290434973,0.5440557036779353,masking
0.10808421335352475,0.8337719995812695,0.8221349456388795,0.9779534726100745,0.7256877862277447,masking
0.10678169202386778,0.9086747154066254,0.7496213907722152,0.9791480530894203,0.8018930233827576,masking
0.23458986774293672,0.6044126319915156,0.7959144892734339,0.8501635606324748,0.5613246215304972,masking
0.07779230462506034,0.8517737678292054,0.9115903185562306,1.0,0.8337980139311703,masking
0.3503619686050074,0.8560237716191268,0.6655941804341537,0.9108089760266403,0.5056618030141193,masking
0.29858497951815904,0.8866722298515797,0.7892778142449405,0.98797502204826,0.5880872503334207,masking
0.3375729141986651,0.7100225396143119,0.764908764626485,0.8874656521203985,0.42733585042781996,masking
0.222974356537605,0.7607428190106248,0.7252293928639046,0.8929861059372647,0.5377684624730198,masking
0.11081655759751033,0.8898872383530264,0.7173228165798055,0.953605027466416,0.7790706807555161,masking
0.08522311748323667,0.8492049071157732,0.8890923744478285,1.0,0.8038692569645919,masking
0.17177949405375834,0.6839559394645807,0.6496901964163478,0.8168230679404643,0.5121764454108223,masking
0.27790165470858597,0.7576228426168944,0.8620892179371572,0.9598560302770258,0.5841875632285712,masking
0.344506643579666,0.8173249986174509,0.7233312313133791,0.920328114965415,0.4728183550377849,masking
0.27194974840350794,0.7649505085893575,0.942686728305304,1.0,0.670736979901796,masking
0.16378640540109465,0.644192659547576,0.8366621467264018,0.8904274031369889,0.6728757413253071,masking
0.1112085030115858,0.8402145188401341,0.624374401856842,0.882294460348488,0.7290060158285483,masking
0.342964393835029,0.8995080406170252,0.6795128449582302,0.9395104427876276,0.5565436467819962,masking
0.2929527007284409,0.6977466309590437,0.8250086685205477,0.9113776497397957,0.5320559677921068,masking
0.12442553172988366,0.7794291636007685,0.7068587368438559,0.8931439502223123,0.6550036318708848,masking
0.2786069766859491,0.6116162740968492,0.7063812404342533,0.8089987572655513,0.42777426374830424,masking
0.3181226717873559,0.9284066864569689,0.9049215687920682,1.0,0.6102840146696129,masking
0.14110040014810105,0.8759565701386545,0.8327447162165983,1.0,0.7348561699905534,masking
0.24615422084315403,0.9175182607470405,0.8347563091670419,1.0,0.6713640399038865,masking
0.21112539492067423,0.6388463142247184,0.7564694403322488,0.8476578772784836,0.5453440454115746,masking
0.1831401921396434,0.9025972633329344,0.7913268770657259,0.9969620701993301,0.719457071193291,masking
0.19789194990918063,0.9418801149787308,0.6387522076642105,0.9403161613214707,0.7439881650695501,masking
0.37132679326970275,0.6147086363099918,0.8589664422684256,0.8868375392892087,0.4876396489987228,masking
0.1522763806616642,0.6980130653426713,0.9004195868796923,0.9492163261111818,0.748143206218028,masking
0.3317173718945035,0.9187695565753703,0.8638866662588743,1.0,0.5870521846808667,masking
0.3043348472246132,0.606302294460159,0.936983624975909,0.9216429597180341,0.6326487777512959,masking
0.1485324194452255,0.7066628833851466,0.8902881327005964,0.9484755080428715,0.7417557132553709,masking
0.29629009211127855,0.9054638438481448,0.6394031366441779,0.9224334902461614,0.6091737517368663,masking
0.13466283989059366,0.7892444668257186,0.6337870645684043,0.8615157656970615,0.6545816269351249,masking
0.15544284126600016,0.6043414126970601,0.764068787912577,0.8342051003048186,0.6086259466465769,masking
0.15497168902744465,0.8094251195042156,0.704033232698016,0.9067291761011158,0.654453430476771,masking
0.36601324831719556,0.8601176195560611,0.6168499925924237,0.8884838060742425,0.4941043712388656,masking
0.25762754953758454,0.8982923560369135,0.8337316391292422,1.0,0.640664806499329,masking
0.07763920676679002,0.9123058743488782,0.66486556283505,0.9385857185919642,0.8346666675820882,masking
0.062134593354269164,0.6838285594683383,0.8781023975450666,0.9309654785067024,0.8159678041907974,masking
0.34949363284313884,0.8039823922792213,0.9484031306669585,1.0,0.5989094978238196,masking
0.34098073003499846,0.7825059911652563,0.6222743182503248,0.8523901547077906,0.44152526113025786,masking
0.08285004968817468,0.8096424778620237,0.6402265489708484,0.874934513416436,0.726792428173849,masking
0.3402503797608645,0.9183693868028073,0.8342200920283274,1.0,0.5781190070419429,masking
0.2311062231142645,0.9076426150987935,0.8001203232169127,1.0,0.6765363919845291,masking
0.20210858630054912,0.7506495936123465,0.7109313057268917,0.8807904496696192,0.5485410073117973,masking
0.36238315148419614,0.8708578795055547,0.810673200855296,0.9907655401804254,0.5084747280213586,masking
0.2709576435821961,0.7551830050327157,0.8124813525515638,0.9338321787921399,0.5415237089693677,masking
0.1331017139311822,0.8070940068072139,0.8459218205799307,0.9765079136935723,0.7128201066487485,masking
0.1845789646756844,0.7793273221410267,0.6364786809829217,0.8579030015619743,0.5947483574653423,masking
0.38268586840517127,0.7706834740174425,0.8282784908409153,0.9494809824291789,0.44559262243574405,masking
0.227193120823321,0.8102278732919246,0.8602578706617958,0.9852428719768602,0.6330647498384748,masking
0.13903705329464644,0.8219364109817159,0.6248262756468207,0.8733813433142683,0.6828993576870694,masking
0.06597706092583432,0.7266485826217985,0.7653726742522797,0.8960106284370392,0.6993956133264454,masking
0.39003644181536773,0.6490084341436612,0.696885007726957,0.8229467209353091,0.3068485659115893,masking
0.11863419945843753,0.7159714524860677,0.7687143703392288,0.8923429114126483,0.6500801708807913,masking
0.12244740245344939,0.8137730248765189,0.698239125430591,0.9060060751535549,0.6913256224230695,masking
0.05268241142722887,0.7808004199560926,0.6019270297061473,0.84136372483112,0.7281180085288638,masking
0.08780901394574199,0.6766740831856501,0.6128524768752874,0.7947632800304688,0.5888650692399081,masking
0.2502170251792553,0.718601227268563,0.8809049878529345,0.9497531075607487,0.6306879626736792,masking
0.37611380180148574,0.7794337040847457,0.7027210881228425,0.8910773961037941,0.4033199022832599,masking
0.2659732806412305,0.7389552644330171,0.63048246837852,0.8347188664057685,0.4729819837917866,masking
0.22759417855123315,0.6398434377168105,0.7208280999805922,0.8303357688487013,0.493233921429359,masking
0.2957905681110825,0.9059778836398115,0.7727413031190415,0.9893595933794265,0.610187315528729,masking
0.14615603393183185,0.9474858936496746,0.6460211919642935,0.9467535428069841,0.8013298597178428,masking
0.19385737634294103,0.7381016264591762,0.7476398624885909,0.8928707444738836,0.55378248614565,masking
0.26276682493174636,0.9176638508947942,0.8499114255633997,1.0,0.6548970259630478,masking
0.38427117901974617,0.7082804512519737,0.8883266344774531,0.9483035428647134,0.5040554554577069,masking
0.2727404795641925,0.8874193988925793,0.6005477868170155,0.8939835928547973,0.6146789193283868,masking
0.07083364512172009,0.6178973835047352,0.6901625271168026,0.8040299553107689,0.6193288819950825,masking
0.0900706733230668,0.8113284085322857,0.8403064697224123,0.975817439127349,0.7502357963993455,masking
0.17916855761632083,0.7343436090657428,0.7596827781344397,0.8970131936000912,0.5805142205181189,masking
0.31291231673294634,0.6423587501698176,0.7466317265656164,0.844495238367717,0.43371940983267004,masking
0.1741699521425945,0.6248526825866394,0.6280630049286662,0.7764578437576528,0.45389305278607167,masking
0.28753448483539773,0.9296039990666237,0.8340004263530199,1.0,0.642069514231226,masking
0.05354591440971018,0.7266719967932527,0.8077812769229884,0.9172266368581206,0.7542353625132783,masking
0.8226336162433397,0.3696504316516829,0.26440071392068676,0.9726336162433398,-0.4529831845916569,forced_composure
0.9057945077132208,0.30339056941313286,0.0921954457412916,1.0,-0.6024039383000879,forced_composure
0.9158586575500446,0.07325534552452122,0.23688861539171735,1.0,-0.6789700421583272,forced_composure
0.6497479933277102,0.054097313755816424,0.19771199104467369,0.7997479933277102,-0.4520360022830365,forced_composure
0.7032642476789547,0.22010017282916106,0.2520199603570928,0.8532642476789547,-0.4512442873218619,forced_composure
0.6153086753081316,0.09305115329331098,0.2455248387576489,0.7653086753081316,-0.3697838365504827,forced_composure
0.7201085736104303,0.3052107206423068,0.2783020770071789,0.8701085736104304,-0.41489785296812354,forced_composure
0.8959615270464674,0.2923724893342289,0.20047587708655185,1.0,-0.6035890377122385,forced_composure
0.8355383178380513,0.1463834109893965,0.15720972457237445,0.9855383178380513,-0.6783285932656768,forced_composure
0.8761448059722776,0.20624683074055378,0.3294331191814234,1.0,-0.5467116867908542,forced_composure
0.8878478307838974,0.3501468181814493,0.3708223325444226,1.0,-0.5170254982394749,forced_composure
0.7508448271796536,0.1616033864123986,0.2537695613079399,0.9008448271796536,-0.49707526587171375,forced_composure
0.7299103482031697,0.26037595838008154,0.29695505192533866,0.8799103482031697,-0.432955296277831,forced_composure
0.8409417564722479,0.18109351045704247,0.1084010705945635,0.9909417564722479,-0.6598482460152054,forced_composure
0.7506852684617726,0.09990795042866807,0.36153396231433294,0.9006852684617727,-0.3891513061474397,forced_composure
0.72105711125825,0.10406091152816332,0.05890671596701281,0.87105711125825,-0.6169961997300867,forced_composure
0.8260378352002694,0.27291581110916013,0.16921145830345208,0.9760378352002694,-0.5531220240911092,forced_composure
0.6250991610966778,0.1933701132133312,0.15892612327218775,0.7750991610966779,-0.43172904788334665,forced_composure
0.8369922239072533,0.26202273730844167,0.17760780486913902,0.9869922239072533,-0.5749694865988115,forced_composure
0.6762623939892465,0.3958125881544572,0.20890056741864022,0.8262623939892465,-0.2804498058347893,forced_composure
0.840895982523083,0.09919353865242628,0.21995639488078927,0.990895982523083,-0.6209395876422936,forced_composure
0.6096378519543129,0.2269092912686575,0.38740609249119584,0.7596378519543129,-0.22223175946311702,forced_composure
0.73447234954503,0.06364860440121906,0.060834526821770235,0.8844723495450301,-0.670823745143811,forced_composure
0.7357953659814043,0.10600872776211792,0.058173233714865075,0.8857953659814043,-0.6297866382192864,forced_composure
0.8646747648825619,0.21048305310866178,0.1512356701904291,1.0,-0.6541917117739001,forced_composure
0.9150291140557683,0.09064863607018397,0.38457159013436176,1.0,-0.5304575239214064,forced_composure
0.7098883510820735,0.36094128530803843,0.2610300067678116,0.8598883510820735,-0.34894706577403506,forced_composure
0.8893475759095206,0.39440460712366254,0.150941903236561,1.0,-0.4949429687858581,forced_composure
0.9363974198926575,0.1863186632158471,0.1849291666579228,1.0,-0.7500787566768103,forced_composure
0.719135486489077,0.23949266257165486,0.10395076511247049,0.869135486489077,-0.47964282391742213,forced_composure
0.7937990198753039,0.2395966843435014,0.31666563441170453,0.9437990198753039,-0.47713338546359935,forced_composure
0.8917774866781549,0.20415447260934844,0.1558166372730228,1.0,-0.6876230140688064,forced_composure
0.6907672140609831,0.11811834284670518,0.07017665376965872,0.8407672140609831,-0.5726488712142779,forced_composure
0.7198567925921496,0.14458669224577414,0.3882460850532426,0.8698567925921497,-0.33161070753890703,forced_composure
0.7951980891875153,0.17154696366067768,0.25316366034779364,0.9451980891875154,-0.5420344288397216,forced_composure
0.6487188454709933,0.20541531222077103,0.2691820124973724,0.7987188454709934,-0.37953683297362095,forced_composure
0.7711142411273579,0.19062258022901352,0.39784693611489436,0.921114241127358,-0.3732673050124636,forced_composure
0.9081101667521244,0.2681920853558041,0.24928207641379901,1.0,-0.6399180813963203,forced_composure
0.8172311679386044,0.12045923773785165,0.18829821014251152,0.9672311679386044,-0.6289329577960929,forced_composure
0.6138108365118148,0.21644111312038933,0.24005860438518212,0.7638108365118148,-0.37375223212663267,forced_composure
0.6797124076361233,0.38741009650792985,0.3683091138280347,0.8297124076361233,-0.29230231112819344,forced_composure
0.852750132409567,0.2366853200678769,0.35448920587668975,1.0,-0.49826092653287724,forced_composure
0.645728320338212,0.3266784279962098,0.09368728488839692,0.7957283203382121,-0.31904989234200226,forced_composure
0.8779737318922918,0.14651864888797494,0.35698170335636614,1.0,-0.5209920285359256,forced_composure
0.9304147328388892,0.10207858929179048,0.21193646177288777,1.0,-0.7184782710660014,forced_composure
0.9433455823569398,0.21919260259060136,0.3522416328800908,1.0,-0.591103949476849,forced_composure
0.8060560327459619,0.1813654677718607,0.1500242444340546,0.956056032745962,-0.6246905649741012,forced_composure
0.6711280818801305,0.316629366982194,0.18528917738805978,0.8211280818801305,-0.3544987148979365,forced_composure
0.7789464117702629,0.22231391800041367,0.25204766023159597,0.9289464117702629,-0.5268987515386669,forced_composure
0.9029520009685932,0.3932587702542003,0.19265447300083594,1.0,-0.5096932307143929,forced_composure
0.8896316227372061,0.3175847281291512,0.25073513300945066,1.0,-0.5720468946080549,forced_composure
0.9346165002641765,0.12016608043494098,0.08824247360836751,1.0,-0.8144504198292355,forced_composure
0.8988866884343978,0.2037024358218119,0.34643909897247116,1.0,-0.5524475894619266,forced_composure
0.9125815718183952,0.07186015776667501,0.3592126670451213,1.0,-0.5533689047732739,forced_composure
0.7569116693792978,0.22865137115148132,0.2693073788826236,0.9069116693792978,-0.48760429049667414,forced_composure
0.9242339123555303,0.05669063305041741,0.216895213911236,1.0,-0.7073386984442943,forced_composure
0.8407027148506963,0.30294743519438,0.2923863510379878,0.9907027148506963,-0.5377552796563163,forced_composure
0.6470522952928426,0.15478845593008844,0.1755504338959547,0.7970522952928426,-0.4715018613968879,forced_composure
0.8815530226878268,0.14756595534509356,0.12374673735352112,1.0,-0.7339870673427332,forced_composure
0.9351068066633337,0.053102149789714115,0.3992372994886924,1.0,-0.5358695071746413,forced_composure
0.8368874546000884,0.339964254807191,0.15311678872116763,0.9868874546000884,-0.4969231997928974,forced_composure
0.605010347183471,0.3082543314965355,0.34195060895023655,0.755010347183471,-0.2630597382332345,forced_composure
0.8591666461837317,0.09999760055529353,0.3136997727899392,1.0,-0.5454668733937925,forced_composure
0.8691229737376742,0.28048918048451926,0.3181405764784552,1.0,-0.550982397259219,forced_composure
0.8960725038872062,0.26476143998311047,0.08101164988938768,1.0,-0.6313110639040957,forced_composure
0.7706697333835237,0.07717726713506178,0.19264006086135083,0.9206697333835238,-0.578029672522173,forced_composure
0.7424872711939696,0.07310344544908456,0.1720871868893178,0.8924872711939696,-0.5704000843046518,forced_composure
0.6388493345769601,0.3328823235032278,0.3816908090875648,0.7888493345769602,-0.25715852548939533,forced_composure
0.6253107663402785,0.3842903225520955,0.23290180976786085,0.7753107663402785,-0.241020443788183,forced_composure
0.7048479872838558,0.07690172634665723,0.22521849382464626,0.8548479872838558,-0.4796294934592095,forced_composure
0.8780804405717619,0.2974802670433444,0.06757910401239083,1.0,-0.5806001735284175,forced_composure
0.6255156423787662,0.19100564892142302,0.15335167291678015,0.7755156423787662,-0.4345099934573432,forced_composure
0.6813345130696167,0.14835157461804976,0.3312189601539096,0.8313345130696167,-0.35011555291570706,forced_composure
0.9252298187711488,0.19178594308464825,0.367138850746374,1.0,-0.5580909680247749,forced_composure
0.7125234954367586,0.21675294522032706,0.1291101492355999,0.8625234954367587,-0.49577055021643157,forced_composure
0.8241666147615454,0.3926433903111831,0.2612225836151825,0.9741666147615454,-0.4315232244503623,forced_composure
0.7252349294397421,0.276736106096685,0.09302223746288565,0.8752349294397421,-0.44849882334305713,forced_composure
0.9110306780928894,0.22607938277294276,0.20727240971387473,1.0,-0.6849512953199466,forced_composure
0.8050526759587316,0.26867435197629086,0.07512153217927957,0.9550526759587317,-0.5363783239824408,forced_composure
0.8389160274281908,0.13467608811043535,0.29988342137730645,0.9889160274281908,-0.5390326060508843,forced_composure
0.8878871780344688,0.3313854776433821,0.24337533859276123,1.0,-0.5565017003910867,forced_composure
0.7820594623087629,0.10000658646879411,0.32137115264109745,0.9320594623087629,-0.46068830966766544,forced_composure
0.69499328315635,0.22384339798628133,0.14949593252463086,0.84499328315635,-0.47114988517006867,forced_composure
0.6468399270498926,0.2703451939121078,0.06901621218801635,0.7968399270498926,-0.37649473313778475,forced_composure
0.86202583194417,0.16115537834139085,0.05004714255156986,1.0,-0.7008704536027792,forced_composure
0.7788951987330304,0.0663981679846611,0.14665934523731483,0.9288951987330304,-0.6322358534957155,forced_composure
0.8474417706095007,0.07194136756765306,0.34376847232460084,0.9974417706095007,-0.5036732982848998,forced_composure
0.601336972930504,0.1363883542206658,0.30931641965322504,0.751336972930504,-0.292020553277279,forced_composure
0.7106945524052574,0.08566233582310474,0.17608187158014976,0.8606945524052574,-0.5346126808251076,forced_composure
0.6946376502345839,0.3449491657561942,0.1596717711548001,0.8446376502345839,-0.3496884844783897,forced_composure
0.8761263651216025,0.3621552506837572,0.20183609685178533,1.0,-0.5139711144378453,forced_composure
0.9184801003490372,0.18206131888711752,0.38742744577153787,1.0,-0.5310526545774993,forced_composure
0.6312513335839505,0.29045674327613497,0.22283491415992507,0.7812513335839505,-0.3407945903078155,forced_composure
0.7356770819094764,0.2714491575620103,0.29634998207201596,0.8856770819094765,-0.4393270998374605,forced_composure
0.6015271443776081,0.10843358106151957,0.2995661177220116,0.7515271443776081,-0.30196102665559654,forced_composure
0.8332348947523722,0.38811662679503706,0.31636322658777405,0.9832348947523722,-0.44511826795733517,forced_composure
0.9327704477059683,0.29588917553718247,0.15431827302380513,1.0,-0.6368812721687858,forced_composure
0.6368777227877997,0.32363835217072745,0.2754522275165706,0.7868777227877998,-0.3132393706170723,forced_composure
0.6168651043376536,0.17601766306534244,0.38487993541950016,0.7668651043376536,-0.23198516891815346,forced_composure
0.7751404009985704,0.20145519760689662,0.21019486180575292,0.9251404009985704,-0.5649455391928175,forced_composure
0.6731089534018073,0.17904750980267836,0.1794346395955118,0.8231089534018073,-0.4936743138062955,forced_composure
0.6183242570656153,0.3186486699812714,0.19577655116635767,0.7683242570656154,-0.29967558708434394,forced_composure
0.8877629603857481,0.3476218003919634,0.12419791914453034,1.0,-0.5401411599937846,forced_composure
0.8300737187595449,0.21529863145704364,0.3580548582725198,0.980073718759545,-0.4720188604870251,forced_composure
0.6755092377117589,0.2872346201085155,0.2627132427884529,0.8255092377117589,-0.38827461760324333,forced_composure
0.7033555171501414,0.09781031627791043,0.2780739161670468,0.8533555171501415,-0.42528160098309464,forced_composure
0.8585091103463157,0.16046957031717252,0.27569141140780984,1.0,-0.5828176989385059,forced_composure
0.7382958176640261,0.29962240914891625,0.1197253462129186,0.8882958176640261,-0.43867340851510983,forced_composure
0.911575250922661,0.15059335876295293,0.1787250957146535,1.0,-0.7328501552080076,forced_composure
0.6203321832281224,0.08902927431244675,0.23055166594931487,0.7703321832281225,-0.3897805172788076,forced_composure
0.69365743685479,0.34241807900976806,0.05514268602923385,0.84365743685479,-0.3512393578450219,forced_composure
0.7326829170351776,0.16807094136918244,0.056764670821160365,0.8826829170351776,-0.5646119756659952,forced_composure
0.6435289396501785,0.19477493622152237,0.22250260455660636,0.7935289396501786,-0.4210263350935722,forced_composure
0.7415014115392041,0.23582818744423284,0.2582960862169886,0.8915014115392041,-0.48320532532221555,forced_composure
0.6034733373947424,0.21243330580872638,0.3872247343106559,0.7534733373947424,-0.2162486030840865,forced_composure
0.781661298045342,0.28713979361063363,0.15915235027090913,0.931661298045342,-0.4945215044347084,forced_composure
0.8708969823534669,0.3205225186566403,0.23245361667894865,1.0,-0.5503744636968266,forced_composure
0.9416048381477247,0.0939425751669287,0.05593168271135335,1.0,-0.8476622629807959,forced_composure
0.8695553741149835,0.3325044380777089,0.09207253019220168,1.0,-0.5370509360372746,forced_composure
0.6929539915355121,0.05614332717832012,0.15265801377319765,0.8429539915355121,-0.5402959777623144,forced_composure
0.870599655871535,0.23128618469940265,0.17183345760890084,1.0,-0.6393134711721323,forced_composure
0.7301087532172156,0.05047376900041386,0.1549301846478326,0.8801087532172156,-0.575178568569383,forced_composure
0.8262605595732756,0.390968055335725,0.34647128944436484,0.9762605595732756,-0.4352925042375506,forced_composure
0.6082582376259351,0.3644962116361938,0.3241194446545191,0.7582582376259351,-0.24376202598974134,forced_composure
0.873131643249843,0.21029851565125002,0.189301852534076,1.0,-0.662833127598593,forced_composure
0.7060205050916174,0.07299320063402803,0.1298823772227947,0.8560205050916174,-0.5761381278688227,forced_composure
0.6863112722423086,0.21942697439857056,0.3116055423088429,0.8363112722423086,-0.3747057299334657,forced_composure
0.7658334399392812,0.07024555730650622,0.3852264303458714,0.9158334399392812,-0.3806070095934098,forced_composure
0.9299535116829393,0.32481634010194294,0.3969647655474772,1.0,-0.5329887461354621,forced_composure
0.790568816480092,0.38696892258862214,0.07646176421586277,0.940568816480092,-0.4035998938914699,forced_composure
0.7279882618914799,0.12888344380236805,0.11854157944699452,0.8779882618914799,-0.5991048180891119,forced_composure
0.6492810321124366,0.26784477454809885,0.3234626495115568,0.7992810321124366,-0.3258183826008798,forced_composure
0.8024044397971262,0.10143694835587339,0.33389331947671486,0.9524044397971262,-0.4685111203204113,forced_composure
0.8225841475073049,0.18585799714444845,0.28594560343762204,0.9725841475073049,-0.5366385440696828,forced_composure
0.6909667427349915,0.1708172729729737,0.3711200450961966,0.8409667427349915,-0.31984669763879486,forced_composure
0.7016765769849971,0.21449589385527784,0.36154939808860515,0.8516765769849971,-0.34012717889639194,forced_composure
0.8477024725936346,0.07177112915764597,0.10155606549763962,0.9977024725936346,-0.746146407095995,forced_composure
0.6027445567701709,0.2708226265802072,0.2066856988936464,0.7527445567701709,-0.3319219301899637,forced_composure
0.6469961978157964,0.3852769423698697,0.23538090338096695,0.7969961978157964,-0.2617192554459267,forced_composure
0.6846626529395112,0.22521124990414765,0.28786711645728774,0.8346626529395113,-0.3967955364822235,forced_composure
0.6266837262907475,0.1461463352667622,0.3324379218093978,0.7766837262907476,-0.29424580448134974,forced_composure
0.7608827046409314,0.24130199971130323,0.20148560077331423,0.9108827046409315,-0.5195807049296282,forced_composure
0.6153649799250518,0.10801242293705458,0.20593957355966186,0.7653649799250518,-0.40942540636538993,forced_composure
0.6732149128927747,0.06749266003088757,0.3452773824181383,0.8232149128927747,-0.32793753047463636,forced_composure
0.9434173852074406,0.3276000058988588,0.3488247225966335,1.0,-0.5945926626108071,forced_composure
0.6846919956109658,0.38621944142961995,0.11892399655869994,0.8346919956109659,-0.2984725541813459,forced_composure
0.9330004336266413,0.39818675288808286,0.29910298201111707,1.0,-0.5348136807385584,forced_composure
0.9434003061271377,0.2493389228484863,0.14083962411163164,1.0,-0.6940613832786513,forced_composure
0.7529485599829673,0.25774632738257514,0.07557854670945525,0.9029485599829673,-0.49520223260039214,forced_composure
0.8178201426160361,0.3934122428668031,0.11653767742430468,0.9678201426160361,-0.424407899749233,forced_composure
0.8774082907009342,0.3677645778228668,0.38029555748707733,1.0,-0.49711273321385685,forced_composure
0.9360474615419065,0.2325108735525152,0.39205776779702634,1.0,-0.5439896937448803,forced_composure
0.8650585724970535,0.10658500268293666,0.21691503726378952,1.0,-0.6481435352332641,forced_composure
0.8514159113802013,0.1365691105366792,0.2742153142421106,1.0,-0.5772005971380907,forced_composure
0.8333101676663167,0.10694491033299808,0.2477798593584647,0.9833101676663167,-0.585530308307852,forced_composure
0.8700694188425127,0.22461348258757968,0.0542360908716376,1.0,-0.645455936254933,forced_composure
0.6031634641777522,0.1749602703895043,0.3741679239511237,0.7531634641777523,-0.22899554022662855,forced_composure
0.680036872861263,0.27202729110509055,0.1277265547426622,0.830036872861263,-0.40800958175617247,forced_composure
0.712584496380842,0.34681473136051943,0.3051015047944814,0.862584496380842,-0.36576976502032255,forced_composure
0.6333897470596237,0.2000457073452518,0.060209417275842565,0.7833897470596237,-0.4333440397143719,forced_composure
0.7683115513110531,0.28185190409537386,0.09147591825935306,0.9183115513110531,-0.48645964721567925,forced_composure
0.701109728618208,0.18924281892575495,0.37183585862961743,0.851109728618208,-0.32927386998859054,forced_composure
0.9476392553980373,0.06571895464846556,0.31635277322338723,1.0,-0.63128648217465,forced_composure
0.7301034232408201,0.187360365180318,0.31399274067145794,0.8801034232408201,-0.4161106825693622,forced_composure
0.9214492512508929,0.382825008075892,0.25199290511341227,1.0,-0.538624243175001,forced_composure
0.724992405755176,0.32564218005057277,0.13785048414180512,0.874992405755176,-0.3993502257046032,forced_composure
0.7974259100917311,0.17550246153370563,0.27982087579775666,0.9474259100917312,-0.5176050342939744,forced_composure
0.6841396195127274,0.11705753100718903,0.371383680336403,0.8341396195127274,-0.3127559391763244,forced_composure
0.6356312890323379,0.2270852677072261,0.12729847403705313,0.7856312890323379,-0.4085460213251118,forced_composure
0.6136254871639836,0.06260658640199925,0.11132762023703957,0.7636254871639836,-0.502297866926944,forced_composure
0.9033696240771001,0.14886756039195934,0.3826607097013535,1.0,-0.5207089143757466,forced_composure
0.8035678025462177,0.20281496641906815,0.25303109213430913,0.9535678025462178,-0.5505367104119085,forced_composure
0.7808444348291936,0.3155716888150638,0.14887362309049829,0.9308444348291937,-0.4652727460141298,forced_composure
0.7235676370601059,0.3629330058866378,0.38125977960264196,0.8735676370601059,-0.3423078574574639,forced_composure
0.912395379620266,0.19680679788505978,0.3231279260524086,1.0,-0.5892674535678574,forced_composure
0.7667175066553845,0.22413894825113578,0.1216380381700494,0.9167175066553845,-0.5425785584042487,forced_composure
0.8068956061404807,0.11514756421367178,0.16604764467351785,0.9568956061404807,-0.6408479614669629,forced_composure
0.8992605705669773,0.12247653322379934,0.07490539981070149,1.0,-0.7767840373431779,forced_composure
0.6241526574144857,0.3792745821760878,0.22742215328664211,0.7741526574144857,-0.24487807523839789,forced_composure
0.7432942251359564,0.3338075033527715,0.3425390747686806,0.8932942251359565,-0.4007551503672758,forced_composure
0.7162668615904616,0.29276632011582837,0.3198929855481603,0.8662668615904616,-0.3963738760423013,forced_composure
0.829127740403084,0.1030582761800348,0.35655907923096997,0.979127740403084,-0.47256866117211405,forced_composure
0.788683093457603,0.1488653492295013,0.19882986490319288,0.938683093457603,-0.5898532285544101,forced_composure
0.6131498816396176,0.09475338042784615,0.3179413626805513,0.7631498816396176,-0.2952085189590663,forced_composure
0.6000040721643781,0.1957980399688023,0.232878563379956,0.7500040721643781,-0.3671255087844221,forced_composure
0.6191220470003402,0.39057735704031654,0.1291438659373852,0.7691220470003403,-0.2285446899600237,forced_composure
0.7064695518726982,0.15637987928925956,0.13064583174107247,0.8564695518726982,-0.5500896725834387,forced_composure
0.600515837730209,0.30527067793079876,0.3883959249297499,0.750515837730209,-0.2121199128004591,forced_composure
0.6785027191497658,0.28206651713119785,0.3096637144355503,0.8285027191497658,-0.3688390047142155,forced_composure
0.8969488826816836,0.1979202189547632,0.15602581697415024,1.0,-0.6990286637269204,forced_composure
0.7138532969080609,0.29941746658447954,0.3358728132769726,0.8638532969080609,-0.37798048363108827,forced_composure
0.6635648887148109,0.17982935285521784,0.3656790688622025,0.8135648887148109,-0.29788581985260837,forced_composure
0.8823427318931587,0.3947004409668666,0.3139868908887283,1.0,-0.48764229092629213,forced_composure
0.7376183203597728,0.25672324189812323,0.28135498898656214,0.8876183203597728,-0.4562633313732107,forced_composure
0.6274595357109933,0.24057393568635282,0.2982622899654134,0.7774595357109934,-0.32919724574557996,forced_composure
0.6585624564003711,0.32322110109894503,0.2543204731799391,0.8085624564003712,-0.3353413553014261,forced_composure
0.9332776249941581,0.0648478043724121,0.14286414814441345,1.0,-0.7904134768497446,forced_composure
0.8105438577549384,0.15379596927207576,0.3000484574249348,0.9605438577549384,-0.5104954003300036,forced_composure
0.8656518488826759,0.08588058742326607,0.22984906247236875,1.0,-0.6358027864103071,forced_composure
0.7781116944568696,0.17924826957543938,0.3765237018993853,0.9281116944568696,-0.4015879925574843,forced_composure
0.8896272119556274,0.2940232836683729,0.30001432250724913,1.0,-0.5896128894483783,forced_composure
0.7616006503345917,0.37234808238380157,0.2931083995386499,0.9116006503345917,-0.3892525679507901,forced_composure
0.8551433715795358,0.35159181632557085,0.14592505626976687,1.0,-0.5035515552539649,forced_composure
0.882474816353346,0.11833421103477222,0.17086968328571076,1.0,-0.7116051330676353,forced_composure
0.717463658994445,0.3924839139361992,0.3497880283117744,0.867463658994445,-0.3249797450582458,forced_composure
0.8454094515565909,0.30446986656538655,0.2467254780408999,0.9954094515565909,-0.5409395849912043,forced_composure
0.9314817334879817,0.22369056350882655,0.18318119845446312,1.0,-0.7077911699791551,forced_composure
0.6570623679260568,0.3251719782913703,0.307055376226457,0.8070623679260568,-0.3318903896346865,forced_composure
0.7345242634834472,0.05881769488573028,0.3436490647013038,0.8845242634834473,-0.39087519878214344,forced_composure
0.6039962942089258,0.29629492287016784,0.38958998840412,0.7539962942089258,-0.21440630580480574,forced_composure
0.7531814648518712,0.1322406917485835,0.2967048535151836,0.9031814648518712,-0.4564766113366876,forced_composure
0.8859948497054548,0.24125061062724656,0.3884623463396512,1.0,-0.4975325033658036,forced_composure
0.6180840525802863,0.22667845940658488,0.3014588815628925,0.7680840525802863,-0.3166251710173938,forced_composure
0.9019241649022126,0.11273946416772652,0.3300012186172885,1.0,-0.5719229462849241,forced_composure
0.7934474765014908,0.18879378869648716,0.09610026000268276,0.9434474765014909,-0.6046536878050037,forced_composure
0.9028535156181193,0.10504562286290038,0.15842575072318477,1.0,-0.7444277648949346,forced_composure
0.7015159361868528,0.354994911966799,0.28544604797311435,0.8515159361868528,-0.3465210242200538,forced_composure
0.8788384890169803,0.13766376457737467,0.26870593486244965,1.0,-0.6101325541545306,forced_composure
0.800111094100312,0.3414906318758949,0.3671304711684412,0.950111094100312,-0.4329806229318708,forced_composure
0.6042548700170853,0.28590697167057744,0.06814252969190517,0.7542548700170854,-0.3183478983465079,forced_composure
0.7921005327770745,0.15067145516528738,0.15737180983274945,0.9421005327770745,-0.634728722944325,forced_composure
0.7235354762083248,0.26745235716736354,0.16691748798406925,0.8735354762083248,-0.45608311904096127,forced_composure
0.8564446677065981,0.1915845849508544,0.07392362010848552,1.0,-0.6648600827557437,forced_composure
0.8743159448694375,0.1500154136074471,0.20146840785974196,1.0,-0.6728475370096956,forced_composure
0.8399053591276655,0.16635965500204922,0.06980497965135048,0.9899053591276655,-0.6735457041256163,forced_composure
0.7308723664544847,0.38055700394300623,0.2746070390544954,0.8808723664544847,-0.3503153625114785,forced_composure
0.8350177020335223,0.271298753773174,0.11964724863580288,0.9850177020335223,-0.5637189482603484,forced_composure
0.746416852435798,0.3128289294271614,0.0854805141436057,0.896416852435798,-0.43358792300863663,forced_composure
0.6972484716313992,0.1467116879630488,0.2012066246580771,0.8472484716313993,-0.49604184697332215,forced_composure
0.9431290593297648,0.07362589133933768,0.23154534803320825,1.0,-0.7115837112965565,forced_composure
0.6627776387042736,0.38973679089341046,0.08965622665461248,0.8127776387042737,-0.2730408478108632,forced_composure
0.741260350826557,0.3082597446921122,0.29659404980960585,0.891260350826557,-0.43300060613444474,forced_composure
0.7479550229128762,0.17128345878345141,0.18916433249350473,0.8979550229128762,-0.5587906904193715,forced_composure
0.6924966921055238,0.12186652854737993,0.2190638941456115,0.8424966921055238,-0.4734327979599123,forced_composure
0.6939868146236625,0.15061158271403755,0.279864622216095,0.8439868146236625,-0.41412219240756754,forced_composure
0.9389880660949622,0.2612730201957813,0.07694281347273821,1.0,-0.677715045899181,forced_composure
0.6264542648489234,0.3829981272959481,0.1540517766075668,0.7764542648489234,-0.2434561375529753,forced_composure
0.6322234451288664,0.25966560550263357,0.26827707240159315,0.7822234451288664,-0.36394637272727326,forced_composure
0.8269766870415408,0.14359070975013946,0.05528873947506627,0.9769766870415408,-0.6833859772914014,forced_composure
0.9377553793090652,0.13781256599188588,0.28660920081839164,1.0,-0.6511461784906736,forced_composure
0.8473204544575483,0.26350259597782,0.1595175879747769,0.9973204544575484,-0.5838178584797283,forced_composure
0.694883688817423,0.2591838989459461,0.35313347176409204,0.844883688817423,-0.341750217053331,forced_composure
0.9313568051231884,0.08706703154131518,0.10419001440920195,1.0,-0.8271667907139865,forced_composure
0.9306576905740778,0.3077873299171774,0.3590478386904206,1.0,-0.5716098518836572,forced_composure
0.67092142194737,0.25565505488829066,0.2953988580461158,0.8209214219473701,-0.3755225639012542,forced_composure
0.8380391599064404,0.19285309180334437,0.05538821209195797,0.9880391599064404,-0.6451860681030961,forced_composure
0.804024119881492,0.13858553871286308,0.20758898615001165,0.954024119881492,-0.5964351337314804,forced_composure
0.9351533552793361,0.1896623611748522,0.34393056233254937,1.0,-0.5912227929467867,forced_composure
0.6659892120122379,0.2853611743087601,0.3919524340536302,0.815989212012238,-0.2740367779586077,forced_composure
0.6356625853055279,0.052911979779517206,0.20175397742141504,0.7856625853055279,-0.43390860788411284,forced_composure
0.33705019322054686,0.5993537398704925,0.6658194655394235,0.5340744662101543,0.32876927231887665,mixed
0.4736083890835035,0.4034846568621764,0.4737613276026439,0.4502847911827746,0.0001529385191403887,mixed
0.5893791271400004,0.3036216646321484,0.5357815957938789,0.4762607958553426,-0.05359753134612155,mixed
0.5453166739549515,0.5550752987583742,0.39680883199235084,0.4990669349018922,0.00975862480342271,mixed
0.5856210893512507,0.33655659453271053,0.3797081345867203,0.4339619394902272,-0.20591295476453036,mixed
0.6509880186617927,0.5954892602906265,0.3054982216045381,0.5173251668523191,-0.055498758371166135,mixed
0.39935050414792006,0.3857625931972658,0.408322531214789,0.39781187618665825,0.008972027066868948,mixed
0.39902390811195454,0.3250105182971383,0.48357620663872813,0.402536877682607,0.0845522985267736,mixed
0.593093389914466,0.5426926898869745,0.5691486674392319,0.5683115824135575,-0.02394472247523416,mixed
0.3324596714144956,0.6805962840707148,0.6353967335372099,0.5494842296741401,0.3481366126562192,mixed
0.6220361273982651,0.629193522016707,0.6730842032531045,0.6414379508893587,0.05104807585483939,mixed
0.517701586445479,0.3801128071470503,0.5467134431410164,0.48150927891118195,0.029011856695537408,mixed
0.5971525974671756,0.5951669573416101,0.508579609666752,0.5669663881585126,-0.0019856401255655687,mixed
0.32738348773343123,0.4484451753720511,0.6683066433853428,0.4813784354969417,0.3409231556519116,mixed
0.5337795639029703,0.5153327773022853,0.4075414057528774,0.48555124898604435,-0.018446786600684995,mixed
0.44737956796663153,0.6581384356612676,0.5665852190107343,0.5573677408795444,0.2107588676946361,mixed
0.614954810700933,0.48173816922706203,0.5520988877824631,0.5495972892368194,-0.06285592291846998,mixed
0.39935344349728297,0.5821843321133945,0.4710405334813349,0.48419276969733743,0.18283088861611152,mixed
0.47701820592589816,0.5597289298307526,0.6745122485875706,0.5704197947814071,0.19749404266167248,mixed
0.32560253864344835,0.6298972949388031,0.4169532441648772,0.4574843592490429,0.30429475629535474,mixed
0.4775677818025511,0.30876533151000357,0.4204184311337252,0.40225051481542656,-0.05714935066882593,mixed
0.5010524970520521,0.3224704309389756,0.49643829175326604,0.4399870732480979,-0.004614205298786089,mixed
0.6708442515433709,0.34215728724312205,0.6057762912302017,0.5395926100055649,-0.06506796031316919,mixed
0.463868421350397,0.5620694858097353,0.4040946391940917,0.47667751545140796,0.09820106445933824,mixed
0.36379690501654327,0.36418504570849053,0.32819677825725785,0.35205957632743057,0.00038814069194725853,mixed
0.37425868196049716,0.5656877539955874,0.6526762447374032,0.5308742268978293,0.278417562776906,mixed
0.6256502742364647,0.5740537239497936,0.34417274536444104,0.5146255811835664,-0.051596550286671095,mixed
0.4156749785183799,0.42392275012898756,0.39998277855904846,0.41319350240213865,0.008247771610607635,mixed
0.5060022638838892,0.514221525951869,0.4427543900684441,0.4876593933014008,0.008219262067979738,mixed
0.4415156634945744,0.6314222391624325,0.6157171393278742,0.5628850139949604,0.18990657566785807,mixed
0.42311833267229826,0.6655153775493037,0.6811260068010023,0.5899199056742014,0.25800767412870407,mixed
0.43069701681201633,0.4417699795172219,0.5022536613687835,0.45824021923267394,0.07155664455676713,mixed
0.6764483250134694,0.6505277732569246,0.3410271850334359,0.55600109443461,-0.02592055175654484,mixed
0.4570922973085665,0.5213484758999087,0.501252989020616,0.4932312540763637,0.06425617859134225,mixed
0.377545227174757,0.6435267084672618,0.5707763131987349,0.5306160829469179,0.26598148129250476,mixed
0.6351633499407214,0.6435057117397889,0.599342341466296,0.6260038010489354,0.008342361799067444,mixed
0.4756842404998869,0.5442187020061697,0.3641461624478972,0.46134970165131794,0.06853446150628284,mixed
0.569458166989963,0.3717013022957123,0.5775798362040627,0.506246435163246,0.008121669214099736,mixed
0.39183926430158744,0.347020520060088,0.36611379605718297,0.3683245268062862,-0.02572546824440447,mixed
0.3007968540876281,0.587495847141412,0.5929604196233516,0.4937510402841305,0.2921635655357235,mixed
0.5059733399653037,0.3645451204221535,0.33342173500427585,0.401313398463911,-0.1414282195431502,mixed
0.3076515865749148,0.36629927078608826,0.6563422139932586,0.4434310237847539,0.34869062741834383,mixed
0.3966147366806727,0.4417085308868862,0.34213819379253324,0.39348715378669735,0.04509379420621351,mixed
0.3889445218992681,0.507689828312082,0.543101073238261,0.47991180781653703,0.15415655133899286,mixed
0.3981409256664844,0.32309286369004686,0.4564131476509594,0.3925489790024969,0.058272221984475014,mixed
0.39368134837053365,0.38782156929192074,0.6839451210853821,0.4884826795826121,0.29026377271484843,mixed
0.5465201943702895,0.5227513772688384,0.46631004140932875,0.5118605376828188,-0.02376881710145118,mixed
0.47157773337205766,0.5163620015352323,0.5785719228144428,0.522170552573911,0.10699418944238515,mixed
0.5808584384727318,0.3686775630821798,0.5000451008306508,0.4831937007951875,-0.08081333764208098,mixed
0.46478323801364074,0.6482107865077537,0.5525675684873506,0.5551871976695816,0.1834275484941129,mixed
0.5130016265663927,0.3461578568715669,0.5422551557293646,0.4671382130557748,0.02925352916297186,mixed
0.3468815622720933,0.4348826302263008,0.3571367859257327,0.37963365947470895,0.08800106795420748,mixed
0.5768294588097476,0.382500845534461,0.4567437492752104,0.47202468453980634,-0.12008570953453718,mixed
0.6582699110475114,0.3817265533595881,0.5031220255835116,0.5143728299968704,-0.15514788546399982,mixed
0.4677086644664088,0.3072496164182919,0.6171032454291251,0.46402050877127526,0.1493945809627163,mixed
0.32761836252583987,0.4897020083907814,0.5242713179755799,0.4471972296307338,0.19665295544974004,mixed
0.5513705826458348,0.5754526517231502,0.401308953409086,0.5093773959260237,0.02408206907731536,mixed
0.30399151066337976,0.5893774649419647,0.5142626397390314,0.46921053844812527,0.285385954278585,mixed
0.6344470812828995,0.6285553451602777,0.6373304671151532,0.6334442978527768,0.002883385832253671,mixed
0.49403786399181604,0.43345135833474624,0.616623281036548,0.5147041677877034,0.12258541704473191,mixed
0.4805176452117019,0.3733768785613738,0.6419896078245897,0.4986280438658885,0.16147196261288776,mixed
0.6530239507089388,0.486523902456068,0.33027989092391496,0.48994258136297403,-0.1665000482528708,mixed
0.4551304359667725,0.6214150637850413,0.6607096114184914,0.5790850370567684,0.2055791754517189,mixed
0.38138909699903834,0.3267894448101086,0.6509401812531355,0.4530395743540941,0.26955108425409713,mixed
0.4557619755915501,0.5167043857070253,0.6872263248203035,0.5532308953729596,0.23146434922875347,mixed
0.32662589116568913,0.5593272029808383,0.3296421690299468,0.4051984210588248,0.23270131181514914,mixed
0.45018757138660015,0.6215258180773786,0.47338889310225374,0.5150340941887442,0.17133824669077846,mixed
0.6988729415611801,0.5236237139786408,0.42846486105438136,0.5503205055314008,-0.17524922758253925,mixed
0.38804453036190123,0.4402082137144647,0.4490133095038203,0.4257553511933954,0.06096877914191906,mixed
0.32748547108958437,0.44782967977070925,0.48569540789568993,0.42033685291866113,0.15820993680610557,mixed
0.5890951008955219,0.5626917938886431,0.5835062620916617,0.5784310522919421,-0.0055888388038601855,mixed
0.3033454727507428,0.3870669598322144,0.5646737153599426,0.41836204931429993,0.2613282426091998,mixed
0.4935957472718988,0.30212539026733837,0.6217978569727289,0.47250633150398874,0.12820210970083012,mixed
0.609123829316135,0.519367665197425,0.32658533031050885,0.4850256082746896,-0.0897561641187099,mixed
0.6066060198130339,0.5334854350925455,0.6127839908631836,0.5842918152562543,0.006177971050149722,mixed
0.6006987969583362,0.6212008287831348,0.5072032265618499,0.5763676174344403,0.020502031824798594,mixed
0.35612980727740595,0.5684629893518754,0.5481895140207882,0.49092743688335655,0.2123331820744695,mixed
0.5969012748796348,0.3679524024202941,0.3779900799601157,0.4476145857533482,-0.21891119491951916,mixed
0.6561638068877313,0.5999911193808283,0.6632913954801292,0.6398154405828963,0.0071275885923978155,mixed
0.6034861284655683,0.5388621223961207,0.5616530948111494,0.5680004485576128,-0.041833033654418816,mixed
0.6556511695760039,0.5315227018047761,0.552956529731355,0.5800434670373783,-0.10269463984464888,mixed
0.3625906864014402,0.48956848804644104,0.5865588447832395,0.47957267307704027,0.2239681583817993,mixed
0.40837707932654616,0.38090167220981397,0.4255307232897662,0.4049364916087088,0.017153643963220055,mixed
0.3966002511971334,0.38596505481455834,0.4699403371472347,0.4175018810529754,0.07334008595010133,mixed
0.6631354055534135,0.5028238586954873,0.3751681523261292,0.5137091388583434,-0.16031154685792626,mixed
0.3307886677523496,0.57846245805517,0.4531195057745551,0.4541235438606916,0.24767379030282044,mixed
0.6287323786341437,0.563804307456308,0.6184965802165474,0.6036777554356664,-0.010235798417596254,mixed
0.4087784157673795,0.5769435689844232,0.4056247938774875,0.46378225954309676,0.16816515321704373,mixed
0.6756273917801165,0.5545497126133497,0.4298047200701368,0.5533272748212009,-0.12107767916676682,mixed
0.40780474491690905,0.3763706340286574,0.577856383557491,0.4540105875010192,0.17005163864058198,mixed
0.3874862451991709,0.5381213063709955,0.40585401077014294,0.44382052078010314,0.15063506117182462,mixed
0.5647875779175474,0.6259758914162157,0.6112100972578612,0.6006578555305414,0.06118831349866827,mixed
0.6043405323723127,0.3750889622769008,0.33535397879380746,0.43826115781434033,-0.22925157009541186,mixed
0.5795795313949542,0.4473388855177405,0.47293849056133885,0.49995230249134454,-0.10664104083361536,mixed
0.3124596371173564,0.4038305797100197,0.3134705615497856,0.34325359279238726,0.09137094259266326,mixed
0.6516743090404991,0.39735867328741215,0.5229348678292032,0.5239892833857048,-0.12873944121129588,mixed
0.31559172826445214,0.5667389565222631,0.42921093830163753,0.4371805410294509,0.251147228257811,mixed
0.6591676747830663,0.6552472755736143,0.4301162473446991,0.5815103992337932,-0.003920399209451975,mixed
0.6603843582761871,0.6984630693995115,0.6301662656495792,0.6630045644417594,0.038078711123324394,mixed
0.6379485391020916,0.39960349444363596,0.5306809595431025,0.5227443310296099,-0.10726757955898913,mixed
